name,status,sha_ok,dE_int_json,dE_int_recomputed,dE_ads_json,dE_ads_recomputed,max_E_diff_Eh,dmin_recomputed,dmin_json,chem_recomputed,intact_recomputed,cage_BN,cage_true_homo_bonds,cage_dE_kcal,delta_Eint_SP_kcal_mol,delta_Eads_kcal_mol,min_contact_A,adsorption_mode,drug_intact
Abemaciclib,OK,True,-46.594,-46.594,-29.533,-29.533,0.0,1.595,1.595,True,True,108,0,14.39,-46.594,-29.533,1.595,chemisorption,True
Alpelisib,OK,True,-31.161,-31.161,-28.767,-28.767,1.0089706847793423e-12,2.796,2.796,False,True,108,0,0.36,-31.161,-28.767,2.796,physisorption,True
Cabazitaxel,OK,True,-15.766,-15.766,-15.694,-15.694,0.0,3.188,3.188,False,True,108,0,0.08,-15.766,-15.694,3.188,physisorption,True
Capivasertib,OK,True,-45.171,-45.171,-24.444,-24.444,2.0037305148434825e-12,1.572,1.572,True,True,108,0,13.34,-45.171,-24.444,1.572,chemisorption,True
Cobimetinib,OK,True,-39.325,-39.325,-33.091,-33.091,9.947598300641403e-13,2.822,2.822,False,True,108,0,0.68,-39.325,-33.091,2.822,physisorption,True
Docetaxel,OK,True,-40.99,-40.99,-28.293,-28.293,9.947598300641403e-13,1.664,1.664,True,True,108,0,8.93,-40.99,-28.293,1.664,chemisorption,True
Doxorubicin,OK,True,-176.093,-176.093,-59.598,-59.598,2.9984903449076228e-12,1.433,1.433,True,False,108,0,31.63,-176.093,-59.598,1.433,chemisorption,False
Epirubicin,OK,True,-41.346,-41.346,-36.564,-36.564,5.002220859751105e-12,2.854,2.854,False,True,108,0,0.22,-41.346,-36.564,2.854,physisorption,True
Eribulin,OK,True,-62.565,-62.565,-37.618,-37.618,1.9895196601282805e-12,1.616,1.616,True,True,108,0,18.53,-62.565,-37.618,1.616,chemisorption,True
Erlotinib,OK,True,-49.338,-49.338,-31.624,-31.624,2.9984903449076228e-12,1.611,1.611,True,True,108,0,14.09,-49.338,-31.624,1.611,chemisorption,True
Etoposide,OK,True,-30.1,-30.1,-23.81,-23.81,0.0,1.841,1.841,False,True,108,0,4.93,-30.1,-23.81,1.841,physisorption,True
Everolimus,OK,True,-28.246,-28.246,-29.215,-29.215,1.9895196601282805e-12,2.305,2.305,False,True,108,0,1.0,-28.246,-29.215,2.305,physisorption,True
Exatecan,OK,True,-27.714,-27.714,-26.393,-26.393,1.9895196601282805e-12,2.817,2.817,False,True,108,0,0.22,-27.714,-26.393,2.817,physisorption,True
Gefitinib,OK,True,-35.474,-35.474,-30.099,-30.099,5.9969806898152456e-12,2.881,2.881,False,True,108,0,0.22,-35.474,-30.099,2.881,physisorption,True
Ipatasertib,OK,True,-25.023,-25.023,-21.838,-21.838,2.0037305148434825e-12,3.072,3.072,False,True,108,0,0.16,-25.023,-21.838,3.072,physisorption,True
Lapatinib,OK,True,-35.647,-35.647,-31.927,-31.927,0.0,2.593,2.593,False,True,108,0,0.35,-35.647,-31.927,2.593,physisorption,True
Niraparib,OK,True,-42.492,-42.492,-22.542,-22.542,0.0,1.742,1.742,True,True,108,0,9.59,-42.492,-22.542,1.742,chemisorption,True
Olaparib,OK,True,-5.996,-5.996,-6.017,-6.017,0.0,3.28,3.28,False,True,108,0,0.04,-5.996,-6.017,3.28,physisorption,True
Osimertinib,OK,True,-26.236,-26.236,-15.841,-15.841,2.9984903449076228e-12,1.724,1.724,True,True,108,0,7.04,-26.236,-15.841,1.724,chemisorption,True
Paclitaxel,OK,True,-44.058,-44.058,-27.625,-27.625,5.002220859751105e-12,1.612,1.612,True,True,108,0,10.13,-44.058,-27.625,1.612,chemisorption,True
Palbociclib,OK,True,-56.371,-56.371,-36.495,-36.494,5.002220859751105e-12,1.599,1.599,True,True,108,0,15.96,-56.371,-36.495,1.599,chemisorption,True
Pamiparib,OK,True,-22.38,-22.38,-21.814,-21.814,2.9984903449076228e-12,2.761,2.761,False,True,108,0,0.22,-22.38,-21.814,2.761,physisorption,True
Ribociclib,OK,True,-15.726,-15.726,-15.154,-15.154,0.0,2.895,2.895,False,True,108,0,0.12,-15.726,-15.154,2.895,physisorption,True
Rucaparib,OK,True,-16.705,-16.705,-15.583,-15.583,2.0037305148434825e-12,2.674,2.674,False,True,108,0,0.16,-16.705,-15.583,2.674,physisorption,True
Selumetinib,OK,True,-29.038,-29.038,-27.262,-27.262,0.0,2.826,2.826,False,True,108,0,0.42,-29.038,-27.262,2.826,physisorption,True
SN-38,OK,True,-23.897,-23.897,-15.769,-15.769,3.0127011996228248e-12,1.763,1.763,False,True,108,0,7.06,-23.897,-15.769,1.763,physisorption,True
Talazoparib,OK,True,-54.58,-54.58,-37.637,-37.637,2.9984903449076228e-12,1.591,1.591,True,True,108,0,13.96,-54.58,-37.637,1.591,chemisorption,True
Topotecan,OK,True,-43.038,-43.038,-25.068,-25.068,2.0037305148434825e-12,1.577,1.577,True,True,108,0,13.52,-43.038,-25.068,1.577,chemisorption,True
Trametinib,OK,True,-31.936,-31.936,-29.739,-29.739,8.000711204658728e-12,2.33,2.33,False,True,108,0,0.84,-31.936,-29.739,2.33,physisorption,True
Veliparib,OK,True,-16.856,-16.856,-14.522,-14.522,2.9984903449076228e-12,2.891,2.891,False,True,108,0,0.19,-16.856,-14.522,2.891,physisorption,True
