name,drug_intact,drug_bonds_broken,drug_bonds_formed,n_drug_cage_bonds,drug_cage_bonds
Abemaciclib,True,,,1,N17-B96
Alpelisib,True,,,0,
Cabazitaxel,True,,,0,
Capivasertib,True,,,1,O7-B80
Cobimetinib,True,,,0,
Docetaxel,True,,,1,O55-B138
Doxorubicin,False,O35-H63,O33-H63,2,C32-N94;O35-B95
Epirubicin,True,,,0,
Eribulin,True,,,2,O33-B136;O51-B157
Erlotinib,True,,,1,N12-B79
Etoposide,True,,,0,
Everolimus,True,,,0,
Exatecan,True,,,0,
Gefitinib,True,,,0,
Ipatasertib,True,,,0,
Lapatinib,True,,,0,
Niraparib,True,,,1,N23-B71
Olaparib,True,,,0,
Osimertinib,True,,,1,O35-B95
Paclitaxel,True,,,1,O54-B138
Palbociclib,True,,,1,N14-B89
Pamiparib,True,,,0,
Ribociclib,True,,,0,
Rucaparib,True,,,0,
Selumetinib,True,,,0,
SN-38,True,,,0,
Talazoparib,True,,,1,N3-B69
Topotecan,True,,,1,O10-B81
Trametinib,True,,,0,
Veliparib,True,,,0,
