name,drug_class,drugbank_id,smiles,formal_charge,E_HOMO_eV,E_LUMO_eV,Gap_eV,Eta_eV,Mu_eV,Omega_eV,MolMR,MolWt,E_drug_Eh,vina_4UND_kcal_mol,delta_Eint_SP_kcal_mol,min_contact_A,delta_Eads_kcal_mol,adsorption_mode,carrier_formula
Olaparib,PARP Inhibitor,DB00946,C1CC1C(=O)N2CCN(CC2)C(=O)C3=C(C=CC(=C3)CC4=NNC(=O)C5=CC=CC=C54)F,0,-10.5229,-7.6065,2.9164,1.4582,-9.0647,28.1747,116.777,434.47,-91.783265785338,-12.804,-5.996,3.28,-6.017,physisorption,B36N36
Talazoparib,PARP Inhibitor,DB11760,CN1C(=NC=N1)[C@@H]2[C@H](NC3=CC(=CC4=C3C2=NNC4=O)F)C5=CC=C(C=C5)F,0,-10.5404,-7.8138,2.7266,1.3633,-9.1771,30.888,97.931,380.36,-78.94665226983,-12.189,-54.58,1.591,-37.637,chemisorption,B36N36
Rucaparib,PARP Inhibitor,DB12330,CNCC1=CC=C(C=C1)C2=C3CCNC(=O)C4=C3C(=CC(=C4)F)N2,0,-9.9301,-7.3657,2.5644,1.2822,-8.6479,29.1632,92.494,323.37,-67.472837784348,-9.566,-16.705,2.674,-15.583,physisorption,B36N36
Niraparib,PARP Inhibitor,DB12340,C1C[C@H](CNC1)C2=CC=C(C=C2)N3C=C4C=CC=C(C4=N3)C(=O)N,0,-9.855,-7.7135,2.1415,1.0708,-8.7843,36.0322,94.433,320.4,-66.668710921038,-10.92,-42.492,1.742,-22.542,chemisorption,B36N36
Veliparib,PARP Inhibitor,DB11927,C[C@@]1(CCCN1)C2=NC3=C(C=CC=C3N2)C(=O)N,0,-10.0937,-6.9576,3.1361,1.568,-8.5257,23.1774,69.2,244.3,-51.809176726288,-8.918,-16.856,2.891,-14.522,physisorption,B36N36
Pamiparib,PARP Inhibitor,DB15024,C[C@]12CCCN1CC3=NNC(=O)C4=C5C3=C2NC5=CC(=C4)F,0,-9.8074,-7.545,2.2624,1.1312,-8.6762,33.2728,80.419,298.32,-62.456061773243,-11.91,-22.38,2.761,-21.814,physisorption,B36N36
Cisplatin,Platinum Agent,DB00515,N.N.Cl[Pt]Cl,0,,,,,,,21.75,300.05,,,,,,"not modelled (Pt(II) square-planar, outside GFN2-xTB+RDKit scope)",B36N36
Carboplatin,Platinum Agent,DB00958,C1CC(C1)(C(=O)O)C(=O)O.[NH2-].[NH2-].[Pt+2],0,,,,,,,42.124,371.25,,,,,,"not modelled (Pt(II) square-planar, outside GFN2-xTB+RDKit scope)",B36N36
Oxaliplatin,Platinum Agent,DB00526,C1CC[C@H]([C@@H](C1)[NH-])[NH-].C(=O)(C(=O)O)O.[Pt+2],0,,,,,,,49.959,397.29,,,,,,"not modelled (Pt(II) square-planar, outside GFN2-xTB+RDKit scope)",B36N36
Paclitaxel,Taxane,DB01204,CC1=C2[C@H](C(=O)[C@@]3([C@H](C[C@@H]4[C@]([C@H]3[C@@H]([C@@](C2(C)C)(C[C@@H]1OC(=O)[C@@H]([C@H](C5=CC=CC=C5)NC(=O)C6=CC=CC=C6)O)O)OC(=O)C7=CC=CC=C7)(CO4)OC(=O)C)O)C)OC(=O)C,0,-10.42,-7.7368,2.6832,1.3416,-9.0784,30.7161,217.69,853.92,-186.567476442084,-9.587,-44.058,1.612,-27.625,chemisorption,B36N36
Docetaxel,Taxane,DB01248,CC1=C2[C@H](C(=O)[C@@]3([C@H](C[C@@H]4[C@]([C@H]3[C@@H]([C@@](C2(C)C)(C[C@@H]1OC(=O)[C@@H]([C@H](C5=CC=CC=C5)NC(=O)OC(C)(C)C)O)O)OC(=O)C6=CC=CC=C6)(CO4)OC(=O)C)O)C)O,0,-10.2835,-7.7303,2.5532,1.2766,-9.0069,31.7736,203.604,807.89,-179.052015387177,-9.317,-40.99,1.664,-28.293,chemisorption,B36N36
Cabazitaxel,Taxane,DB08868,CC1=C2[C@H](C(=O)[C@@]3([C@H](C[C@@H]4[C@]([C@H]3[C@@H]([C@@](C2(C)C)(C[C@@H]1OC(=O)[C@@H]([C@H](C5=CC=CC=C5)NC(=O)OC(C)(C)C)O)O)OC(=O)C6=CC=CC=C6)(CO4)OC(=O)C)OC)C)OC,0,-10.2951,-7.5037,2.7914,1.3957,-8.8994,28.3726,213.185,835.94,-185.360790629015,-9.018,-15.766,3.188,-15.694,physisorption,B36N36
Eribulin,Microtubule Inhibitor,DB08871,C[C@@H]1C[C@@H]2CC[C@H]3C(=C)C[C@@H](O3)CC[C@]45C[C@@H]6[C@H](O4)[C@H]7[C@@H](O6)[C@@H](O5)[C@@H]8[C@@H](O7)CC[C@@H](O8)CC(=O)C[C@H]9[C@H](C[C@H](C1=C)O2)O[C@@H]([C@@H]9OC)C[C@@H](CN)O,0,-10.2762,-6.8345,3.4417,1.7208,-8.5554,21.2668,186.263,729.91,-163.471056043256,-8.917,-62.565,1.616,-37.618,chemisorption,B36N36
Doxorubicin,Anthracycline,DB00997,C[C@H]1[C@H]([C@H](C[C@@H](O1)O[C@H]2C[C@@](CC3=C2C(=C4C(=C3O)C(=O)C5=C(C4=O)C(=CC=C5)OC)O)(C(=O)CO)O)N)O,0,-10.1683,-8.8509,1.3174,0.6587,-9.5096,68.6447,131.754,543.53,-120.296325719796,-10.82,-176.093,1.433,-59.598,chemisorption,B36N36
Epirubicin,Anthracycline,DB00445,C[C@H]1[C@@H]([C@H](C[C@@H](O1)O[C@H]2C[C@@](CC3=C2C(=C4C(=C3O)C(=O)C5=C(C4=O)C(=CC=C5)OC)O)(C(=O)CO)O)N)O,0,-9.9619,-8.9549,1.007,0.5035,-9.4584,88.8395,131.754,543.53,-120.303188193944,-11.15,-41.346,2.854,-36.564,physisorption,B36N36
Etoposide,Topoisomerase II Inhibitor,DB00773,C[C@@H]1OC[C@@H]2[C@@H](O1)[C@@H]([C@H]([C@@H](O2)O[C@H]3[C@H]4COC(=O)[C@@H]4[C@@H](C5=CC6=C(C=C35)OCO6)C7=CC(=C(C(=C7)OC)O)OC)O)O,0,-9.8164,-6.3608,3.4556,1.7278,-8.0886,18.9332,138.345,588.56,-131.369467131599,-12.007,-30.1,1.841,-23.81,physisorption,B36N36
SN-38,Topoisomerase I Inhibitor,DB_SN38,CCC1=C2CN3C(=CC4=C(C3=O)COC(=O)[C@@]4(CC)O)C2=NC5=C1C=C(C=C5)O,0,-10.403,-8.1418,2.2612,1.1306,-9.2724,38.0229,105.568,392.41,-83.576316928703,-10.468,-23.897,1.763,-15.769,physisorption,B36N36
Exatecan,Topoisomerase I Inhibitor,DB12702,CC[C@@]1(C2=C(COC1=O)C(=O)N3CC4=C5[C@H](CCC6=C5C(=CC(=C6C)F)N=C4C3=C2)N)O,0,-10.4479,-8.2414,2.2065,1.1033,-9.3447,39.5751,114.469,435.46,-92.48776343932,-12.05,-27.714,2.817,-26.393,physisorption,B36N36
Topotecan,Topoisomerase I Inhibitor,DB01030,CC[C@@]1(C2=C(COC1=O)C(=O)N3CC4=CC5=C(C=CC(=C5CN(C)C)O)N=C4C3=C2)O,0,-9.7656,-8.1305,1.6351,0.8175,-8.948,48.968,113.581,421.45,-90.164529655613,-10.502,-43.038,1.577,-25.068,chemisorption,B36N36
Alpelisib,PI3Kalpha Inhibitor,DB12349,CC1=C(SC(=N1)NC(=O)N2CCC[C@H]2C(=O)N)C3=CC(=NC=C3)C(C)(C)C(F)(F)F,0,-10.3185,-7.686,2.6325,1.3163,-9.0023,30.7846,107.104,441.48,-92.207903905076,-9.294,-31.161,2.796,-28.767,physisorption,B36N36
Abemaciclib,CDK4/6 Inhibitor,DB12001,CCN1CCN(CC1)CC2=CN=C(C=C2)NC3=NC=C(C(=N3)C4=CC5=C(C(=C4)F)N=C(N5C(C)C)C)F,0,-9.1879,-7.7399,1.448,0.724,-8.4639,49.4735,140.708,506.61,-107.090225389256,-9.484,-46.594,1.595,-29.533,chemisorption,B36N36
Palbociclib,CDK4/6 Inhibitor,DB09073,CC1=C(C(=O)N(C2=NC(=NC=C12)NC3=NC=C(C=C3)N4CCNCC4)C5CCCC5)C(=O)C,0,-9.5239,-7.8484,1.6755,0.8377,-8.6861,45.0309,128.647,447.54,-94.878267816787,-11.172,-56.371,1.599,-36.495,chemisorption,B36N36
Ribociclib,CDK4/6 Inhibitor,DB11730,CN(C)C(=O)C1=CC2=CN=C(N=C2N1C3CCCC3)NC4=NC=C(C=C4)N5CCNCC5,0,-9.174,-6.9822,2.1918,1.0959,-8.0781,29.7727,125.653,434.55,-92.112956684281,-9.964,-15.726,2.895,-15.154,physisorption,B36N36
Capivasertib,AKT Inhibitor,DB12154,C1CN(CCC1(C(=O)N[C@@H](CCO)C2=CC=C(C=C2)Cl)N)C3=NC=NC4=C3C=CN4,0,-9.476,-6.7668,2.7092,1.3546,-8.1214,24.3456,116.293,428.92,-88.010867123674,-10.351,-45.171,1.572,-24.444,chemisorption,B36N36
Ipatasertib,AKT Inhibitor,DB12534,C[C@@H]1C[C@H](C2=C1C(=NC=N2)N3CCN(CC3)C(=O)[C@H](CNC(C)C)C4=CC=C(C=C4)Cl)O,0,-9.6966,-6.7674,2.9292,1.4646,-8.232,23.1346,126.149,458.01,-95.088378453974,-10.289,-25.023,3.072,-21.838,physisorption,B36N36
Cobimetinib,MEK Inhibitor,DB09565,C1CCN[C@@H](C1)C2(CN(C2)C(=O)C3=C(C(=C(C=C3)F)F)NC4=C(C=C(C=C4)I)F)O,0,-10.3696,-7.4706,2.899,1.4495,-8.9201,27.4468,115.253,531.32,-90.611342351705,-10.223,-39.325,2.822,-33.091,physisorption,B36N36
Trametinib,MEK Inhibitor,DB08911,CC1=C2C(=C(N(C1=O)C)NC3=C(C=C(C=C3)I)F)C(=O)N(C(=O)N2C4=CC=CC(=C4)NC(=O)C)C5CC5,0,-10.2494,-7.6987,2.5507,1.2753,-8.9741,31.5731,148.757,615.4,-106.948218465528,-10.551,-31.936,2.33,-29.739,physisorption,B36N36
Selumetinib,MEK Inhibitor,DB11928,CN1C=NC2=C1C=C(C(=C2F)NC3=C(C=C(C=C3)Br)Cl)C(=O)NOCCO,0,-10.1095,-7.8776,2.2319,1.116,-8.9936,36.2399,103.611,457.69,-81.311157506727,-9.015,-29.038,2.826,-27.262,physisorption,B36N36
Everolimus,mTOR Inhibitor,DB01590,C[C@@H]1CC[C@H]2C[C@@H](/C(=C/C=C/C=C/[C@H](C[C@H](C(=O)[C@@H]([C@@H](/C(=C/[C@H](C(=O)C[C@H](OC(=O)[C@@H]3CCCCN3C(=O)C(=O)[C@@]1(O2)O)[C@H](C)C[C@@H]4CC[C@H]([C@@H](C4)OC)OCCO)C)/C)O)OC)C)C)/C)OC,0,-9.4112,-7.9092,1.502,0.751,-8.6602,49.9328,255.956,958.24,-215.695451387299,-7.756,-28.246,2.305,-29.215,physisorption,B36N36
Erlotinib,EGFR TKI,DB00530,COCCOC1=C(C=C2C(=C1)C(=NC=N2)NC3=CC=CC(=C3)C#C)OCCOC,0,-9.5901,-7.2781,2.312,1.156,-8.4341,30.7673,111.94,393.44,-83.808571075803,-9.255,-49.338,1.611,-31.624,chemisorption,B36N36
Lapatinib,EGFR/HER2 TKI,DB01259,CS(=O)(=O)CCNCC1=CC=C(O1)C2=CC3=C(C=C2)N=CN=C3NC4=CC(=C(C=C4)OCC5=CC(=CC=C5)F)Cl,0,-9.6209,-7.5116,2.1093,1.0547,-8.5663,34.7891,154.124,581.07,-115.862041168277,-11.026,-35.647,2.593,-31.927,physisorption,B36N36
Gefitinib,EGFR TKI,DB00317,COC1=C(C=C2C(=C1)N=CN=C2NC3=CC(=C(C=C3)F)Cl)OCCCN4CCOCC4,0,-9.8422,-7.5518,2.2904,1.1452,-8.697,33.0238,118.154,446.91,-92.565454485947,-9.463,-35.474,2.881,-30.099,physisorption,B36N36
Osimertinib,3rd Gen EGFR TKI,DB09330,CN1C=C(C2=CC=CC=C21)C3=NC(=NC=C3)NC4=C(C=C(C(=C4)NC(=O)C=C)N(C)CCN(C)C)OC,0,-9.2319,-7.2296,2.0023,1.0011,-8.2308,33.8337,150.872,499.62,-105.425032144771,-10.256,-26.236,1.724,-15.841,chemisorption,B36N36
