name,drug_class,drugbank_id,SMILES,MW,PSA,Polarizability_alpha,Electrophilicity_omega,E_HOMO_eV,E_LUMO_eV,Docking_Score_kcal_mol,E_ads_kcal_mol,Delta_E_int_B36N36_COOH_kcal_mol
Olaparib,PARP Inhibitor,DB09074,O=C(c1cc(Cc2n[nH]c(=O)c3ccccc23)ccc1F)N1CCN(C(=O)C2CC2)CC1,434.47100000000034,86.37,45.82662200000003,7.522723820292139,-5.8936356,-3.166,-10.0,-28.9,-32.05
Talazoparib,PARP Inhibitor,DB11793,FC(F)(c1ccc(cc1)[C@H]1c2cc(F)ccc2N[C@@H]2C(=O)NN=C12)F,349.28700000000003,53.49,35.441534000000004,7.441290508301621,-5.8795812,-3.144,-11.4,-31.4,-34.55
Rucaparib,PARP Inhibitor,DB12048,CNCc1ccc(-c2cc3[nH]c2CCNC(=O)c2cccc(F)c2-3)cc1,349.409,56.92,38.851538000000005,7.518852289360222,-5.8971696,-3.166,-9.8,-27.5,-30.65
Niraparib,PARP Inhibitor,DB11760,NC(=O)c1cccc(c1)[C@@H]1CCCN(Cc2ccc3ncccc3c2)C1,345.446,59.220000000000006,38.526572,7.519154206971023,-5.8968936,-3.166,-10.5,-29.8,-32.95
Veliparib,PARP Inhibitor,DB11697,CC1(NC(=O)c2cccc3[nH]c(C)nc23)CCCN1,258.32499999999993,69.81,27.982649999999996,7.443389587755108,-5.877622799999999,-3.144,-8.9,-21.5,-24.65
Pamiparib,PARP Inhibitor,DB15243,C[C@]12CCCN1CC3=NNC(=O)C4=C5C3=C2NC5=CC(=C4)F,298.321,60.49,31.262322000000005,7.442190394668556,-5.8787411999999994,-3.144,-10.8,-27.04,-30.189999999999998
Cisplatin,Platinum Cross-linker,DB00515,N.N.Cl[Pt]Cl,300.04600000000005,70.0,24.603772000000006,7.29065240735337,-5.8416,-3.1,-5.2,-18.2,-21.349999999999998
Carboplatin,Platinum Cross-linker,DB00958,N.N.O=C1OC2(CCC2)C(=O)O[Pt]1,371.25,122.60000000000001,30.442500000000003,7.297163191128687,-5.835287999999999,-3.1,-5.6,-20.4,-23.549999999999997
Oxaliplatin,Platinum Cross-linker,DB00526,N[C@@H]1CCCC[C@H]1N.O=C1O[Pt]OC(=O)C1=O,425.2980000000001,121.71000000000001,34.87443600000001,7.297052717204391,-5.8353947999999995,-3.1,-6.1,-22.1,-25.25
Paclitaxel,Taxane Antimitotic,DB01229,CC(=O)O[C@H]1C(=O)[C@@]2(C)[C@H](O)C[C@H]3OC[C@@]3(OC(C)=O)[C@H]2[C@H](OC(=O)c2ccccc2)[C@]2(O)C[C@@H](OC(=O)[C@H](O)[C@@H](NC(=O)c3ccccc3)c3ccccc3)C(C)=C1C2(C)C,853.9180000000001,221.29,80.22127600000002,7.54061902905165,-5.8774451999999995,-3.166,-7.8,-38.5,-41.65
Docetaxel,Taxane Antimitotic,DB01248,CC(C)(C)OC(=O)N[C@@H](c1ccccc1)[C@H](O)C(=O)O[C@H]1C[C@@]2(O)C(=C3C(=O)[C@@H](O)[C@]4(C)[C@@H](C[C@H](OC(=O)c5ccccc5)[C@]34C)C2(C)C)C1,689.8020000000001,168.68999999999997,63.36376400000001,7.456187201686456,-5.865757199999999,-3.144,-7.6,-37.2,-40.35
Cabazitaxel,Taxane Antimitotic,DB08866,CC(C)(C)OC(=O)N[C@@H](c1ccccc1)[C@H](O)C(=O)O[C@H]1C[C@@]2(O)C(=C3C(=O)[C@@H](OC)[C@]4(C)[C@@H](C[C@H](OC(=O)c5ccccc5)[C@]34C)C2(C)C)C1,703.8290000000002,157.68999999999997,64.51397800000002,7.454756727458908,-5.867077199999999,-3.144,-7.9,-37.8,-40.949999999999996
Eribulin,Antimitotic,DB08871,C=C1C[C@@H]2O[C@@H]3C[C@@H]4O[C@H]5CC[C@@H]6O[C@H]7C[C@H]8O[C@@H]9C[C@@H]%10O[C@H]%11CC[C@@H](CN)O[C@H]%11C[C@@H]%10O[C@H]9C[C@@H]8O[C@H]7C[C@@H]6O[C@H]5C[C@@H]4O[C@H]3C[C@@H]2O1,687.8270000000002,127.55000000000003,56.40181400000002,7.297777820263987,-5.834694,-3.1,-7.4,-34.8,-37.949999999999996
Doxorubicin,Anthracycline,DB00997,COc1cccc2C(=O)c3c(O)c4c(c(O)c3C(=O)c12)C[C@@](O)(C(=O)CO)C[C@@H]4O[C@H]1C[C@H](N)[C@H](O)[C@H](C)O1,543.5250000000003,206.07,51.36905000000002,7.461060994948627,-5.861271599999999,-3.144,-9.1,-38.2,-41.35
Epirubicin,Anthracycline,DB00445,COc1cccc2C(=O)c3c(O)c4c(c(O)c3C(=O)c12)C[C@@](O)(C(=O)CO)C[C@@H]4O[C@H]1C[C@H](N)[C@@H](O)[C@H](C)O1,543.5250000000003,206.07,51.36905000000002,7.461060994948627,-5.861271599999999,-3.144,-9.0,-38.0,-41.15
Etoposide,Topoisomerase II Inhibitor,DB00773,COc1cc([C@@H]2c3cc4c(cc3[C@@H](O[C@@H]3O[C@H]5COC(C)O[C@H]5[C@H]3O)[C@H]3COC(=O)[C@@]23)OCO4)cc(OC)c1O,557.5280000000004,140.60000000000002,52.51729600000003,7.452537673861926,-5.869127999999999,-3.144,-8.6,-36.4,-39.55
SN-38,ADC Payload (Sacituzumab),DB06695,CCC1=C2CN3C(=CC4=C(C3=O)C=C(C=C4)O)C2=NC5=C1C=CC(=C5)O,344.37000000000006,75.35000000000001,41.83834000000001,7.598964508605638,-5.912958,-3.188,-9.5,-34.2,-37.35
Exatecan,ADC Payload (Datopotamab),DB11956,CC[C@@]1(O)C(=O)OCC2=C1C=C3N(C2=O)CC4=C3C=C(F)C5=C4CCCN5,370.3800000000001,80.56,37.17116000000001,7.4447742806765556,-5.876332799999999,-3.144,-9.2,-33.6,-36.75
Topotecan,Topoisomerase I Inhibitor,DB01030,CCC1(O)C(=O)OCC2=C1C=C3N(C2=O)CC4=C3C=C(CN(C)C)C5=C4C=CC(=C5)O,420.46500000000015,92.0,44.67813000000001,7.523465349840115,-5.8929599999999995,-3.166,-8.8,-32.1,-35.25
Alpelisib,PI3Kalpha Inhibitor,DB12015,CC(C)(C#N)c1ccc(nc1)-c1nc(NC(=O)N2CCC[C@H]2C)sc1C,369.49400000000014,81.91,37.09850800000001,7.444948286283261,-5.876170799999999,-3.144,-8.6,-32.5,-35.65
Abemaciclib,CDK4/6 Inhibitor,DB12001,CCN1CCN(Cc2ccc(Nc3ncc(F)c(Nc4ccc(C#N)c(C(C)C)n4)n3)nc2)CC1,475.57600000000025,105.89,49.19723200000003,7.525296737867162,-5.8912932,-3.166,-9.5,-37.2,-40.35
Palbociclib,CDK4/6 Inhibitor,DB09073,CC(=O)c1c(C)c2cnc(Nc3ccc(N4CCNCC4)cn3)nc2n1C1CCCC1,419.5330000000003,87.97,44.60170600000002,7.522934511054687,-5.8934436,-3.166,-8.8,-33.6,-36.75
Ribociclib,CDK4/6 Inhibitor,DB09575,CN(C)C(=O)c1cc2cnc(Nc3ccc(N4CCNCC4)cn3)nc2n1C1CCCC1,434.54800000000023,91.21000000000001,45.83293600000002,7.523361271416607,-5.8930548,-3.166,-8.6,-31.8,-34.95
Capivasertib,AKT Inhibitor,DB15367,NC[C@H](c1ccc(Cl)cc1)c1c[nH]c2nccc(-c3ccc(C4CC4)cc3)c12,387.9140000000002,54.7,45.40894800000002,7.596195383328519,-5.915436,-3.188,-8.9,-34.1,-37.25
Ipatasertib,AKT Inhibitor,DB12918,NC[C@H](c1ccc(Cl)cc1)c1c[nH]c2nccc(-c3ccc(OCC(F)(F)F)cc3)c12,445.8720000000002,63.93000000000001,50.161504000000015,7.597432347240942,-5.9143284,-3.188,-8.8,-35.2,-38.35
Cobimetinib,MEK Inhibitor,DB09335,OC1(CN(Cc2cc(F)ccc2I)CCO1)c1c(F)c(F)c(F)c(Nc2c(F)cccc2I)c1F,720.1890000000003,44.730000000000004,69.25549800000003,7.517253376920525,-5.8986324,-3.166,-8.7,-35.9,-39.05
Trametinib,MEK Inhibitor,DB08911,CC1=C(C(=O)N(C(=O)N1c1ccc(I)cc1F)c1ccccc1NC(=O)C2CC2)c1c(F)cccc1,599.3750000000002,73.1,62.74875000000002,7.598662488788462,-5.913228,-3.188,-8.2,-39.1,-42.25
Selumetinib,MEK Inhibitor,DB11749,NC(=O)c1c(Cl)c(Nc2ccc(I)cc2F)c(F)cc1OCC(O)CO,498.6510000000002,104.81000000000002,47.689382000000016,7.447903816327012,-5.873422799999999,-3.144,-8.4,-32.7,-35.85
Everolimus,mTOR Inhibitor,DB01590,COCCOC1CC2CCC(C)C(O)(C(=O)C(=O)N3CCCCC3C(=O)OC(C(C)(OC)CC2)CC=CC=CC=C(C)CC(C)CC(OC)C(=O)C)C1,745.9950000000001,137.9,61.17159000000001,7.299064025662789,-5.833451999999999,-3.1,-7.5,-36.5,-39.65
Erlotinib,EGFR TKI,DB00530,COCCOc1cc2ncnc(Nc3cccc(C#C)c3)c2cc1OCCOC,393.4430000000002,74.73,42.46232600000002,7.521192140651185,-5.8950324,-3.166,-8.9,-29.8,-32.95
Lapatinib,Dual EGFR/HER2 TKI,DB01259,CS(=O)(=O)CCNCc1ccc(-c2ccc(Nc3ccc(OCc4cccc(F)c4Cl)c(Cl)c3)ncnc2)o1,591.4920000000002,105.29,58.70234400000001,7.525217571407588,-5.8913652,-3.166,-9.5,-39.8,-42.949999999999996
Gefitinib,EGFR TKI,DB00317,COc1cc2ncnc(Nc3ccc(F)c(Cl)c3)c2cc1OCCCN1CCOCC1,446.9100000000004,68.74000000000001,46.84662000000003,7.520404681084253,-5.8957512,-3.166,-9.1,-32.1,-35.25
Osimertinib,EGFR TKI,DB09330,C=CC(=O)Nc1cc(Nc2nccc(-c3cn(C)c4ccccc34)n2)c(OC)cc1N(C)CCN(C)C,499.6190000000003,87.55,54.56875800000003,7.600603402838048,-5.911493999999999,-3.188,-9.8,-34.5,-37.65
