name,best_orientation_deg,delta_Eint_SP_kcal_mol,delta_Eads_kcal_mol,min_contact_A,adsorption_mode,convergence_status,final_pose_file,sha256
Olaparib,90,-5.996,-6.017,3.28,physisorption,CONVERGED,calculations\tnbc_recompute\Olaparib\complex_opt.xyz,c2ff99cf8f72e331dbb0ab64522e59b46a9dec61f44b5ea5cf6e23b6e24a4f0c
Talazoparib,90,-54.58,-37.637,1.591,chemisorption,CONVERGED,calculations\tnbc_recompute\Talazoparib\complex_opt.xyz,80e9d2dc9f86f3645e7107ed33a8bf8dd90164fa9f55b816f9de3ff48a538b2a
Rucaparib,0,-16.705,-15.583,2.674,physisorption,CONVERGED,calculations\tnbc_recompute\Rucaparib\complex_opt.xyz,ab7812898f01d58ce67acf145561768a1de5e99f71f166185c7b15adf5b5071e
Niraparib,180,-42.492,-22.542,1.742,chemisorption,CONVERGED,calculations\tnbc_recompute\Niraparib\complex_opt.xyz,4294004184a793f191afae7b73939aa3e4e245330cc8e139595a9306fe851742
Veliparib,270,-16.856,-14.522,2.891,physisorption,CONVERGED,calculations\tnbc_recompute\Veliparib\complex_opt.xyz,ad9e852e4c169283cb58ab1a4a8edaac606876c41ac0479070a9ccd5ed3a8c87
Pamiparib,180,-22.38,-21.814,2.761,physisorption,CONVERGED,calculations\tnbc_recompute\Pamiparib\complex_opt.xyz,e71a27d9c4280d3ba3845e7693da07fc0d7868b83b1a64696ab842f44f361a30
Paclitaxel,90,-44.058,-27.625,1.612,chemisorption,CONVERGED,calculations\tnbc_recompute\Paclitaxel\complex_opt.xyz,f1ba70b9e1654eaa45c085ae89d2444bd263d3bd40753c2575b46ea8894a7eae
Docetaxel,90,-40.99,-28.293,1.664,chemisorption,CONVERGED,calculations\tnbc_recompute\Docetaxel\complex_opt.xyz,006f97fe0e830bde218183d5976d92ea25bd1141dfe5440e2d7aff67c4d6766e
Cabazitaxel,270,-15.766,-15.694,3.188,physisorption,CONVERGED,calculations\tnbc_recompute\Cabazitaxel\complex_opt.xyz,7fdf124570875ffc38c262e8e421253c097e4be053e4cef498d73ffb78376848
Eribulin,90,-62.565,-37.618,1.616,chemisorption,CONVERGED,calculations\tnbc_recompute\Eribulin\complex_opt.xyz,448fb3fc0e4a343ea75a044c46469f9d3726373a4cfd4a7e5e81868fd725e5fa
Doxorubicin,90,-176.093,-59.598,1.433,chemisorption,CONVERGED,calculations\tnbc_recompute\Doxorubicin\complex_opt.xyz,e9cd028ccc7ce8855a72794d76ed832a1e0ea3c3d70dd046286e1390f91a5744
Epirubicin,0,-41.346,-36.564,2.854,physisorption,CONVERGED,calculations\tnbc_recompute\Epirubicin\complex_opt.xyz,e064def20ccae8558b2cc3a17efdeeab06666c067886f6ea37e54c143998ee82
Etoposide,90,-30.1,-23.81,1.841,chemisorption,CONVERGED,calculations\tnbc_recompute\Etoposide\complex_opt.xyz,a1a77b7723e327380ae4dc05481d68773de32596b90345d82fbc9e2319ffbd85
SN-38,270,-23.897,-15.769,1.763,chemisorption,CONVERGED,calculations\tnbc_recompute\SN_38\complex_opt.xyz,60bc4e99a06fa7e6086cd54272fb7f85b5bf003234536e02f0f46605ae308118
Exatecan,0,-27.714,-26.393,2.817,physisorption,CONVERGED,calculations\tnbc_recompute\Exatecan\complex_opt.xyz,53e762c773063b27374a3c9bbe9c0df5b54b34ba7823f11c4bfc35f22d755926
Topotecan,0,-43.038,-25.068,1.577,chemisorption,CONVERGED,calculations\tnbc_recompute\Topotecan\complex_opt.xyz,4911e3e13abc9786b1d444c71b56670c20a13303ec6cbcbe68e05b68dadae39c
Alpelisib,0,-31.161,-28.767,2.796,physisorption,CONVERGED,calculations\tnbc_recompute\Alpelisib\complex_opt.xyz,1a71024d50fa216b9eabfb64113d69abd463895760791ae6737d9897189e4306
Abemaciclib,90,-46.594,-29.533,1.595,chemisorption,CONVERGED,calculations\tnbc_recompute\Abemaciclib\complex_opt.xyz,83a3903e04250caad939cf0db633a288bb5f6b900e17e37e90138acd047fcf71
Palbociclib,180,-56.371,-36.495,1.599,chemisorption,CONVERGED,calculations\tnbc_recompute\Palbociclib\complex_opt.xyz,f6b1416654865c626102e713c4cb232f1a40615cb46d438ffbc02bf4fceddaeb
Ribociclib,270,-15.726,-15.154,2.895,physisorption,CONVERGED,calculations\tnbc_recompute\Ribociclib\complex_opt.xyz,83b88a7f88d205af30492929ab385d8357e29f2ff32addc73bbe29e4cf49f995
Capivasertib,270,-45.171,-24.444,1.572,chemisorption,CONVERGED,calculations\tnbc_recompute\Capivasertib\complex_opt.xyz,bb1967ff37ebd75a014c21590c7367e032eec3a514cc6b4f45888510e32518e5
Ipatasertib,0,-25.023,-21.838,3.072,physisorption,CONVERGED,calculations\tnbc_recompute\Ipatasertib\complex_opt.xyz,499b069418a7efae1417427a7c741e73dacef277e760922bfff05d68dfa00e62
Cobimetinib,90,-39.325,-33.091,2.822,physisorption,CONVERGED,calculations\tnbc_recompute\Cobimetinib\complex_opt.xyz,03b65ecd66a99c8087df7c3cbea13d8d690f642084f85242d49ae23c667fd1b6
Trametinib,270,-31.936,-29.739,2.33,physisorption,CONVERGED,calculations\tnbc_recompute\Trametinib\complex_opt.xyz,1b5cafbf68655f1a051bc8db001a28efc14c15b9251a836e9eed3da0888cf04a
Selumetinib,90,-29.038,-27.262,2.826,physisorption,CONVERGED,calculations\tnbc_recompute\Selumetinib\complex_opt.xyz,098bbc0e3a1ccee0ff8ae256ff5f7f6d17737408850319ef201d729a37556ab0
Everolimus,180,-28.246,-29.215,2.305,physisorption,CONVERGED,calculations\tnbc_recompute\Everolimus\complex_opt.xyz,0a6c34407f35b9c6d74f7c9e003226192a85a18c3cfacafb49c03f5469c9f689
Erlotinib,180,-49.338,-31.624,1.611,chemisorption,CONVERGED,calculations\tnbc_recompute\Erlotinib\complex_opt.xyz,0ce02a7da67a609f6a7776ab05f484ba2905361bba2fc67911b9fc2950403ceb
Lapatinib,180,-35.647,-31.927,2.593,physisorption,CONVERGED,calculations\tnbc_recompute\Lapatinib\complex_opt.xyz,a0af2358b847a97878f90dc08a8771a928851abdd8ce0e47e02f35515aaf6ae8
Gefitinib,270,-35.474,-30.099,2.881,physisorption,CONVERGED,calculations\tnbc_recompute\Gefitinib\complex_opt.xyz,fb42a8b72a9c7e2eee007264a84bde122fff8ea5c650c693395032ba9d938dc4
Osimertinib,180,-26.236,-15.841,1.724,chemisorption,CONVERGED,calculations\tnbc_recompute\Osimertinib\complex_opt.xyz,54d88a67f4c6df948e7cf974659259a1b38eab3d3208f6b808058ea12136ebbc
