name,pubchem_cid,old_smiles,old_formula,new_smiles,pubchem_formula,old_matched_pubchem,pubchem_inchikey
Olaparib,23725625,O=C(c1cc(Cc2n[nH]c(=O)c3ccccc23)ccc1F)N1CCN(C(=O)C2CC2)CC1,C24H23FN4O3,C1CC1C(=O)N2CCN(CC2)C(=O)C3=C(C=CC(=C3)CC4=NNC(=O)C5=CC=CC=C54)F,C24H23FN4O3,True,FDLYAMZZIXQODN-UHFFFAOYSA-N
Talazoparib,135565082,FC(F)(c1ccc(cc1)[C@H]1c2cc(F)ccc2N[C@@H]2C(=O)NN=C12)F,C17H11F4N3O,CN1C(=NC=N1)[C@@H]2[C@H](NC3=CC(=CC4=C3C2=NNC4=O)F)C5=CC=C(C=C5)F,C19H14F2N6O,False,HWGQMRYQVZSGDQ-HZPDHXFCSA-N
Rucaparib,9931954,CNCc1ccc(-c2cc3[nH]c2CCNC(=O)c2cccc(F)c2-3)cc1,C21H20FN3O,CNCC1=CC=C(C=C1)C2=C3CCNC(=O)C4=C3C(=CC(=C4)F)N2,C19H18FN3O,False,HMABYWSNWIZPAG-UHFFFAOYSA-N
Niraparib,24958200,NC(=O)c1cccc(c1)[C@@H]1CCCN(Cc2ccc3ncccc3c2)C1,C22H23N3O,C1C[C@H](CNC1)C2=CC=C(C=C2)N3C=C4C=CC=C(C4=N3)C(=O)N,C19H20N4O,False,PCHKPVIQAHNQLW-CQSZACIVSA-N
Veliparib,11960529,CC1(NC(=O)c2cccc3[nH]c(C)nc23)CCCN1,C14H18N4O,C[C@@]1(CCCN1)C2=NC3=C(C=CC=C3N2)C(=O)N,C13H16N4O,False,JNAHVYVRKWKWKQ-CYBMUJFWSA-N
Pamiparib,135565554,C[C@]12CCCN1CC3=NNC(=O)C4=C5C3=C2NC5=CC(=C4)F,C16H15FN4O,C[C@]12CCCN1CC3=NNC(=O)C4=C5C3=C2NC5=CC(=C4)F,C16H15FN4O,True,DENYZIUJOTUUNY-MRXNPFEDSA-N
Cisplatin,5702198,N.N.Cl[Pt]Cl,H6Cl2N2Pt,N.N.Cl[Pt]Cl,Cl2H6N2Pt,True,LXZZYRPGZAFOLE-UHFFFAOYSA-L
Carboplatin,426756,N.N.O=C1OC2(CCC2)C(=O)O[Pt]1,C6H12N2O4Pt,C1CC(C1)(C(=O)O)C(=O)O.[NH2-].[NH2-].[Pt+2],C6H12N2O4Pt,False,VSRXQHXAPYXROS-UHFFFAOYSA-N
Oxaliplatin,9887053,N[C@@H]1CCCC[C@H]1N.O=C1O[Pt]OC(=O)C1=O,C9H14N2O5Pt,C1CC[C@H]([C@@H](C1)[NH-])[NH-].C(=O)(C(=O)O)O.[Pt+2],C8H14N2O4Pt,False,DRMCATBEKSVAPL-BNTLRKBRSA-N
Paclitaxel,36314,CC(=O)O[C@H]1C(=O)[C@@]2(C)[C@H](O)C[C@H]3OC[C@@]3(OC(C)=O)[C@H]2[C@H](OC(=O)c2ccccc2)[C@]2(O)C[C@@H](OC(=O)[C@H](O)[C@@H](NC(=O)c3ccccc3)c3ccccc3)C(C)=C1C2(C)C,C47H51NO14,CC1=C2[C@H](C(=O)[C@@]3([C@H](C[C@@H]4[C@]([C@H]3[C@@H]([C@@](C2(C)C)(C[C@@H]1OC(=O)[C@@H]([C@H](C5=CC=CC=C5)NC(=O)C6=CC=CC=C6)O)O)OC(=O)C7=CC=CC=C7)(CO4)OC(=O)C)O)C)OC(=O)C,C47H51NO14,True,RCINICONZNJXQF-MZXODVADSA-N
Docetaxel,148124,CC(C)(C)OC(=O)N[C@@H](c1ccccc1)[C@H](O)C(=O)O[C@H]1C[C@@]2(O)C(=C3C(=O)[C@@H](O)[C@]4(C)[C@@H](C[C@H](OC(=O)c5ccccc5)[C@]34C)C2(C)C)C1,C39H47NO10,CC1=C2[C@H](C(=O)[C@@]3([C@H](C[C@@H]4[C@]([C@H]3[C@@H]([C@@](C2(C)C)(C[C@@H]1OC(=O)[C@@H]([C@H](C5=CC=CC=C5)NC(=O)OC(C)(C)C)O)O)OC(=O)C6=CC=CC=C6)(CO4)OC(=O)C)O)C)O,C43H53NO14,False,ZDZOTLJHXYCWBA-VCVYQWHSSA-N
Cabazitaxel,9854073,CC(C)(C)OC(=O)N[C@@H](c1ccccc1)[C@H](O)C(=O)O[C@H]1C[C@@]2(O)C(=C3C(=O)[C@@H](OC)[C@]4(C)[C@@H](C[C@H](OC(=O)c5ccccc5)[C@]34C)C2(C)C)C1,C40H49NO10,CC1=C2[C@H](C(=O)[C@@]3([C@H](C[C@@H]4[C@]([C@H]3[C@@H]([C@@](C2(C)C)(C[C@@H]1OC(=O)[C@@H]([C@H](C5=CC=CC=C5)NC(=O)OC(C)(C)C)O)O)OC(=O)C6=CC=CC=C6)(CO4)OC(=O)C)OC)C)OC,C45H57NO14,False,BMQGVNUXMIRLCK-OAGWZNDDSA-N
Eribulin,11354606,C=C1C[C@@H]2O[C@@H]3C[C@@H]4O[C@H]5CC[C@@H]6O[C@H]7C[C@H]8O[C@@H]9C[C@@H]%10O[C@H]%11CC[C@@H](CN)O[C@H]%11C[C@@H]%10O[C@H]9C[C@@H]8O[C@H]7C[C@@H]6O[C@H]5C[C@@H]4O[C@H]3C[C@@H]2O1,C37H53NO11,C[C@@H]1C[C@@H]2CC[C@H]3C(=C)C[C@@H](O3)CC[C@]45C[C@@H]6[C@H](O4)[C@H]7[C@@H](O6)[C@@H](O5)[C@@H]8[C@@H](O7)CC[C@@H](O8)CC(=O)C[C@H]9[C@H](C[C@H](C1=C)O2)O[C@@H]([C@@H]9OC)C[C@@H](CN)O,C40H59NO11,False,UFNVPOGXISZXJD-JBQZKEIOSA-N
Doxorubicin,31703,COc1cccc2C(=O)c3c(O)c4c(c(O)c3C(=O)c12)C[C@@](O)(C(=O)CO)C[C@@H]4O[C@H]1C[C@H](N)[C@H](O)[C@H](C)O1,C27H29NO11,C[C@H]1[C@H]([C@H](C[C@@H](O1)O[C@H]2C[C@@](CC3=C2C(=C4C(=C3O)C(=O)C5=C(C4=O)C(=CC=C5)OC)O)(C(=O)CO)O)N)O,C27H29NO11,False,AOJJSUZBOXZQNB-TZSSRYMLSA-N
Epirubicin,41867,COc1cccc2C(=O)c3c(O)c4c(c(O)c3C(=O)c12)C[C@@](O)(C(=O)CO)C[C@@H]4O[C@H]1C[C@H](N)[C@@H](O)[C@H](C)O1,C27H29NO11,C[C@H]1[C@@H]([C@H](C[C@@H](O1)O[C@H]2C[C@@](CC3=C2C(=C4C(=C3O)C(=O)C5=C(C4=O)C(=CC=C5)OC)O)(C(=O)CO)O)N)O,C27H29NO11,False,AOJJSUZBOXZQNB-VTZDEGQISA-N
Etoposide,36462,COc1cc([C@@H]2c3cc4c(cc3[C@@H](O[C@@H]3O[C@H]5COC(C)O[C@H]5[C@H]3O)[C@H]3COC(=O)[C@@]23)OCO4)cc(OC)c1O,C28H29O12,C[C@@H]1OC[C@@H]2[C@@H](O1)[C@@H]([C@H]([C@@H](O2)O[C@H]3[C@H]4COC(=O)[C@@H]4[C@@H](C5=CC6=C(C=C35)OCO6)C7=CC(=C(C(=C7)OC)O)OC)O)O,C29H32O13,False,VJJPUSNTGOMMGY-MRVIYFEKSA-N
SN-38,104842,CCc1c2c(nc3ccc(O)cc13)-c1cc3c(c(=O)n1C2)COC(=O)C3(O)CC,C22H20N2O5,CCC1=C2CN3C(=CC4=C(C3=O)COC(=O)[C@@]4(CC)O)C2=NC5=C1C=C(C=C5)O,C22H20N2O5,True,FJHBVJOVLFPMQE-QFIPXVFZSA-N
Exatecan,151115,CC[C@@]1(O)C(=O)OCC2=C1C=C3N(C2=O)CC4=C3C=C(F)C5=C4CCCN5,C20H19FN2O4,CC[C@@]1(C2=C(COC1=O)C(=O)N3CC4=C5[C@H](CCC6=C5C(=CC(=C6C)F)N=C4C3=C2)N)O,C24H22FN3O4,False,ZVYVPGLRVWUPMP-FYSMJZIKSA-N
Topotecan,60700,CCC1(O)C(=O)OCC2=C1C=C3N(C2=O)CC4=C3C=C(CN(C)C)C5=C4C=CC(=C5)O,C24H24N2O5,CC[C@@]1(C2=C(COC1=O)C(=O)N3CC4=CC5=C(C=CC(=C5CN(C)C)O)N=C4C3=C2)O,C23H23N3O5,False,UCFGDBYHRUNTLO-QHCPKHFHSA-N
Alpelisib,56649450,CC(C)(C#N)c1ccc(nc1)-c1nc(NC(=O)N2CCC[C@H]2C)sc1C,C19H23N5OS,CC1=C(SC(=N1)NC(=O)N2CCC[C@H]2C(=O)N)C3=CC(=NC=C3)C(C)(C)C(F)(F)F,C19H22F3N5O2S,False,STUWGJZDJHPWGZ-LBPRGKRZSA-N
Abemaciclib,46220502,CCN1CCN(Cc2ccc(Nc3ncc(F)c(Nc4ccc(C#N)c(C(C)C)n4)n3)nc2)CC1,C25H30FN9,CCN1CCN(CC1)CC2=CN=C(C=C2)NC3=NC=C(C(=N3)C4=CC5=C(C(=C4)F)N=C(N5C(C)C)C)F,C27H32F2N8,False,UZWDCWONPYILKI-UHFFFAOYSA-N
Palbociclib,5330286,CC(=O)c1c(C)c2cnc(Nc3ccc(N4CCNCC4)cn3)nc2n1C1CCCC1,C23H29N7O,CC1=C(C(=O)N(C2=NC(=NC=C12)NC3=NC=C(C=C3)N4CCNCC4)C5CCCC5)C(=O)C,C24H29N7O2,False,AHJRHEGDXFFMBM-UHFFFAOYSA-N
Ribociclib,44631912,CN(C)C(=O)c1cc2cnc(Nc3ccc(N4CCNCC4)cn3)nc2n1C1CCCC1,C23H30N8O,CN(C)C(=O)C1=CC2=CN=C(N=C2N1C3CCCC3)NC4=NC=C(C=C4)N5CCNCC5,C23H30N8O,True,RHXHGRAEPCAFML-UHFFFAOYSA-N
Capivasertib,25227436,NC[C@H](c1ccc(Cl)cc1)c1c[nH]c2nccc(-c3ccc(C4CC4)cc3)c12,C24H22ClN3,C1CN(CCC1(C(=O)N[C@@H](CCO)C2=CC=C(C=C2)Cl)N)C3=NC=NC4=C3C=CN4,C21H25ClN6O2,False,JDUBGYFRJFOXQC-KRWDZBQOSA-N
Ipatasertib,24788740,NC[C@H](c1ccc(Cl)cc1)c1c[nH]c2nccc(-c3ccc(OCC(F)(F)F)cc3)c12,C23H19ClF3N3O,C[C@@H]1C[C@H](C2=C1C(=NC=N2)N3CCN(CC3)C(=O)[C@H](CNC(C)C)C4=CC=C(C=C4)Cl)O,C24H32ClN5O2,False,GRZXWCHAXNAUHY-NSISKUIASA-N
Cobimetinib,16222096,OC1(CN(Cc2cc(F)ccc2I)CCO1)c1c(F)c(F)c(F)c(Nc2c(F)cccc2I)c1F,C23H16F6I2N2O2,C1CCN[C@@H](C1)C2(CN(C2)C(=O)C3=C(C(=C(C=C3)F)F)NC4=C(C=C(C=C4)I)F)O,C21H21F3IN3O2,False,BSMCAPRUBJMWDF-KRWDZBQOSA-N
Trametinib,11707110,CC1=C(C(=O)N(C(=O)N1c1ccc(I)cc1F)c1ccccc1NC(=O)C2CC2)c1c(F)cccc1,C27H20F2IN3O3,CC1=C2C(=C(N(C1=O)C)NC3=C(C=C(C=C3)I)F)C(=O)N(C(=O)N2C4=CC=CC(=C4)NC(=O)C)C5CC5,C26H23FIN5O4,False,LIRYPHYGHXZJBZ-UHFFFAOYSA-N
Selumetinib,10127622,NC(=O)c1c(Cl)c(Nc2ccc(I)cc2F)c(F)cc1OCC(O)CO,C16H14ClF2IN2O4,CN1C=NC2=C1C=C(C(=C2F)NC3=C(C=C(C=C3)Br)Cl)C(=O)NOCCO,C17H15BrClFN4O3,False,CYOHGALHFOKKQC-UHFFFAOYSA-N
Everolimus,6442177,COCCOC1CC2CCC(C)C(O)(C(=O)C(=O)N3CCCCC3C(=O)OC(C(C)(OC)CC2)CC=CC=CC=C(C)CC(C)CC(OC)C(=O)C)C1,C42H67NO10,C[C@@H]1CC[C@H]2C[C@@H](/C(=C/C=C/C=C/[C@H](C[C@H](C(=O)[C@@H]([C@@H](/C(=C/[C@H](C(=O)C[C@H](OC(=O)[C@@H]3CCCCN3C(=O)C(=O)[C@@]1(O2)O)[C@H](C)C[C@@H]4CC[C@H]([C@@H](C4)OC)OCCO)C)/C)O)OC)C)C)/C)OC,C53H83NO14,False,HKVAMNSJSFKALM-GKUWKFKPSA-N
Erlotinib,176870,COCCOc1cc2ncnc(Nc3cccc(C#C)c3)c2cc1OCCOC,C22H23N3O4,COCCOC1=C(C=C2C(=C1)C(=NC=N2)NC3=CC=CC(=C3)C#C)OCCOC,C22H23N3O4,True,AAKJLRGGTJKAMG-UHFFFAOYSA-N
Lapatinib,208908,CS(=O)(=O)CCNCc1ccc(-c2ccc(Nc3ccc(OCc4cccc(F)c4Cl)c(Cl)c3)ncnc2)o1,C27H25Cl2FN4O4S,CS(=O)(=O)CCNCC1=CC=C(O1)C2=CC3=C(C=C2)N=CN=C3NC4=CC(=C(C=C4)OCC5=CC(=CC=C5)F)Cl,C29H26ClFN4O4S,False,BCFGMOOMADDAQU-UHFFFAOYSA-N
Gefitinib,123631,COc1cc2ncnc(Nc3ccc(F)c(Cl)c3)c2cc1OCCCN1CCOCC1,C22H24ClFN4O3,COC1=C(C=C2C(=C1)N=CN=C2NC3=CC(=C(C=C3)F)Cl)OCCCN4CCOCC4,C22H24ClFN4O3,True,XGALLCVXEZPNRQ-UHFFFAOYSA-N
Osimertinib,71496458,C=CC(=O)Nc1cc(Nc2nccc(-c3cn(C)c4ccccc34)n2)c(OC)cc1N(C)CCN(C)C,C28H33N7O2,CN1C=C(C2=CC=CC=C21)C3=NC(=NC=C3)NC4=C(C=C(C(=C4)NC(=O)C=C)N(C)CCN(C)C)OC,C28H33N7O2,True,DUYJMQONPNNFPI-UHFFFAOYSA-N
