name,MolWt,MolMR,E_HOMO_eV,Omega_eV,delta_Eint_SP_kcal_mol,oof_pred,residual,leverage,std_residual,inside_AD
Olaparib,434.47,116.777,-10.5229,28.1747,-5.996,-35.367262566370144,29.37126256637014,0.17941188338814051,2.078865734897526,True
Talazoparib,380.36,97.931,-10.5404,30.888,-54.58,-34.13910008190935,-20.44089991809065,0.1492674665253716,-1.4467844660802378,True
Rucaparib,323.37,92.494,-9.9301,29.1632,-16.705,-34.16131429277499,17.45631429277499,0.09288699071674184,1.2355387705533252,True
Niraparib,320.4,94.433,-9.855,36.0322,-42.492,-33.77263126120134,-8.719368738798657,0.10552643388989012,-0.617147351431183,True
Veliparib,244.3,69.2,-10.0937,23.1774,-16.856,-34.079510781135106,17.223510781135104,0.14750530439221196,1.219061193458423,True
Pamiparib,298.32,80.419,-9.8074,33.2728,-22.38,-34.162634966684735,11.782634966684736,0.09404972464443981,0.8339619736705624,True
Paclitaxel,853.92,217.69,-10.42,30.7161,-44.058,-32.134032968514326,-11.923967031485674,0.2307721652609342,-0.8439653021312665,True
Docetaxel,807.89,203.604,-10.2835,31.7736,-40.99,-32.13208080992755,-8.857919190072451,0.15541786428168905,-0.6269538003387444,True
Cabazitaxel,835.94,213.185,-10.2951,28.3726,-15.766,-33.52132448253803,17.75532448253803,0.19307455975258725,1.2567023836761508,True
Eribulin,729.91,186.263,-10.2762,21.2668,-62.565,-33.42535586791077,-29.13964413208923,0.14788126588462674,-2.062472036277688,True
Epirubicin,543.53,131.754,-9.9619,88.8395,-41.346,-32.50953141223887,-8.836468587761125,0.7031824894458575,-0.6254355502452333,False
Etoposide,588.56,138.345,-9.8164,18.9332,-30.1,-35.333851988738274,5.233851988738273,0.3051491125502203,0.3704463005744712,True
SN-38,392.41,105.568,-10.403,38.0229,-23.897,-33.341846830918506,9.444846830918507,0.14897182204173323,0.6684958947128611,True
Exatecan,435.46,114.469,-10.4479,39.5751,-27.714,-35.40281253187128,7.688812531871278,0.14223261536192142,0.5442057139504602,True
Topotecan,421.45,113.581,-9.7656,48.968,-43.038,-32.16565942707513,-10.87234057292487,0.08980620771666767,-0.7695323353606498,True
Alpelisib,441.48,107.104,-10.3185,30.7846,-31.161,-35.35813617628888,4.197136176288879,0.0860745448301956,0.2970686929739326,True
Abemaciclib,506.61,140.708,-9.1879,49.4735,-46.594,-33.45794993497148,-13.13605006502852,0.1749095312132775,-0.9297552092075791,True
Palbociclib,447.54,128.647,-9.5239,45.0309,-56.371,-34.32111464539612,-22.04988535460388,0.1047853236946868,-1.5606666897115207,True
Ribociclib,434.55,125.653,-9.174,29.7727,-15.726,-35.585719161189175,19.859719161189176,0.1733855012327937,1.405649129845572,True
Capivasertib,428.92,116.293,-9.476,24.3456,-45.171,-31.98783560139697,-13.18316439860303,0.12950416611785148,-0.9330899100386808,True
Ipatasertib,458.01,126.149,-9.6966,23.1346,-25.023,-34.34283533521712,9.319835335217117,0.08486633083806172,0.6596477182242048,True
Cobimetinib,531.32,115.253,-10.3696,27.4468,-39.325,-35.372751749793046,-3.9522482502069565,0.2946695688025155,-0.279735794285242,True
Trametinib,615.4,148.757,-10.2494,31.5731,-31.936,-33.41156740680271,1.4755674068027105,0.0943083639308801,0.10443904189008284,True
Selumetinib,457.69,103.611,-10.1095,36.2399,-29.038,-33.82875467866532,4.790754678665319,0.19135629662882697,0.33908435918518187,True
Everolimus,958.24,255.956,-9.4112,49.9328,-28.246,-34.64355134610359,6.397551346103594,0.38390228870332993,0.4528116641431103,True
Erlotinib,393.44,111.94,-9.5901,30.7673,-49.338,-34.51046543523262,-14.827534564767383,0.08037867136795367,-1.0494766260064476,True
Lapatinib,581.07,154.124,-9.6209,34.7891,-35.647,-35.389333651365696,-0.25766634863430227,0.06541660553205304,-0.018237341414983302,True
Gefitinib,446.91,118.154,-9.8422,33.0238,-35.474,-33.336257472323766,-2.137742527676231,0.04249986434527272,-0.1513070703302955,True
Osimertinib,499.62,150.872,-9.2319,33.8337,-26.236,-36.1503930496505,9.914393049650503,0.20880703690928762,0.7017298608342323,True
