name,MolWt,MolMR,E_HOMO_eV,Omega_eV,vina_4UND_kcal_mol,oof_pred,residual,leverage,std_residual,inside_AD
Olaparib,434.47,116.777,-10.5229,28.1747,-12.804,-10.980054801380216,-1.8239451986197839,0.17939039332557002,-1.4850769928526026,True
Talazoparib,380.36,97.931,-10.5404,30.888,-12.189,-10.189739104968773,-1.9992608950312274,0.14760272886487974,-1.6278210333114849,True
Rucaparib,323.37,92.494,-9.9301,29.1632,-9.566,-10.184584658428257,0.6185846584282562,0.09258230154184698,0.5036586872558161,True
Niraparib,320.4,94.433,-9.855,36.0322,-10.92,-10.499420730962738,-0.42057926903726184,0.10527180426624372,-0.34244043987212136,True
Veliparib,244.3,69.2,-10.0937,23.1774,-8.918,-11.377282626207375,2.4592826262073757,0.14615197847812972,2.0023759759155113,True
Pamiparib,298.32,80.419,-9.8074,33.2728,-11.91,-10.193734136843018,-1.7162658631569823,0.09350867135739142,-1.3974032492431605,True
Paclitaxel,853.92,217.69,-10.42,30.7161,-9.587,-10.215882133342138,0.6288821333421382,0.23051454985140996,0.5120430088300909,True
Docetaxel,807.89,203.604,-10.2835,31.7736,-9.317,-10.220702035017096,0.9037020350170959,0.15466988577478322,0.735804508607789,True
Cabazitaxel,835.94,213.185,-10.2951,28.3726,-9.018,-9.640656896167355,0.6226568961673546,0.1930660034837975,0.5069743496892803,True
Eribulin,729.91,186.263,-10.2762,21.2668,-8.917,-9.834175539930994,0.9171755399309944,0.14588143350634758,0.7467747900481846,True
Doxorubicin,543.53,131.754,-10.1683,68.6447,-10.82,-10.258096056108718,-0.5619039438912825,0.24864534363239021,-0.4575086027242179,True
Epirubicin,543.53,131.754,-9.9619,88.8395,-11.15,-10.124281534923965,-1.0257184650760358,0.5354671589495732,-0.835151678230901,False
Etoposide,588.56,138.345,-9.8164,18.9332,-12.007,-9.84766496539002,-2.1593350346099793,0.30405245389958074,-1.7581552242833243,True
SN-38,392.41,105.568,-10.403,38.0229,-10.468,-10.178589337398957,-0.28941066260104265,0.1444500701211467,-0.2356414638116714,True
Exatecan,435.46,114.469,-10.4479,39.5751,-12.05,-10.27237230293651,-1.7776276970634903,0.13531093644384753,-1.4473647545793709,True
Topotecan,421.45,113.581,-9.7656,48.968,-10.502,-10.506681264394098,0.00468126439409744,0.07734581020025134,0.0038115388852663634,True
Alpelisib,441.48,107.104,-10.3185,30.7846,-9.294,-10.93449345371505,1.6404934537150488,0.08367644313864309,1.335708488874058,True
Abemaciclib,506.61,140.708,-9.1879,49.4735,-9.484,-9.866005314961155,0.3820053149611553,0.16950729215559177,0.31103308631504756,True
Palbociclib,447.54,128.647,-9.5239,45.0309,-11.172,-10.351070111787967,-0.8209298882120333,0.10223308773466659,-0.6684104822070863,True
Ribociclib,434.55,125.653,-9.174,29.7727,-9.964,-10.249150091904632,0.28515009190463125,0.1697016663497768,0.23217245853538868,True
Capivasertib,428.92,116.293,-9.476,24.3456,-10.351,-10.256397132035254,-0.09460286796474726,0.1258786231443259,-0.0770267345634245,True
Ipatasertib,458.01,126.149,-9.6966,23.1346,-10.289,-10.296703958098474,0.007703958098474573,0.0801114888284219,0.00627265058983279,True
Cobimetinib,531.32,115.253,-10.3696,27.4468,-10.223,-10.14715570179392,-0.0758442982060803,0.28971607347782746,-0.061753293021158014,True
Trametinib,615.4,148.757,-10.2494,31.5731,-10.551,-10.24227406675499,-0.30872593324501096,0.09164299762367804,-0.25136817756698865,True
Selumetinib,457.69,103.611,-10.1095,36.2399,-9.015,-10.856228625391024,1.8412286253910235,0.18150353854501414,1.4991493561423788,True
Everolimus,958.24,255.956,-9.4112,49.9328,-7.756,-9.840659105807564,2.084659105807564,0.37994949238598463,1.6973532309623156,True
Erlotinib,393.44,111.94,-9.5901,30.7673,-9.255,-10.369706398919691,1.1147063989196901,0.07962311616445829,0.907606669363696,True
Lapatinib,581.07,154.124,-9.6209,34.7891,-11.026,-9.86258054928173,-1.1634194507182691,0.06535195495549696,-0.9472693919786352,True
Gefitinib,446.91,118.154,-9.8422,33.0238,-9.463,-10.519610940436912,1.0566109404369133,0.04223226210363651,0.8603046841684816,True
Osimertinib,499.62,150.872,-9.2319,33.8337,-10.256,-10.195692018676105,-0.06030798132389492,0.20496043969525063,-0.04910344653845639,True
