name,Total_Contacts,Estimated_HBonds,Pi_Stacking_Catalytic,Interacting_Residues
Abemaciclib,12,2,No,"SER681, LYS684, ALA685, GLU688, ARG865, THR866, CYS908, HIS909, SER911, GLY913"
Alpelisib,7,0,No,"SER681, LYS684, ALA685, GLU688, THR867, GLY913, ASP914"
Cabazitaxel,13,5,No,"SER681, LYS684, GLU688, ARG865, THR866, THR867, CYS908, HIS909, THR910, SER911"
Capivasertib,14,1,No,"SER681, LYS684, ALA685, GLU688, TYR689, ARG865, THR866, THR867, CYS908, HIS909"
Cobimetinib,7,2,No,"SER681, LYS684, ALA685, GLU688, SER911, GLY913, ASP914"
Docetaxel,11,4,No,"SER681, LYS684, ALA685, GLU688, ASN767, ARG865, THR867, HIS909, SER911, GLY913"
Doxorubicin,8,3,No,"SER681, LYS684, ALA685, GLU688, ARG865, SER911, GLY913, ASP914"
Epirubicin,6,4,No,"LYS684, ALA685, GLU688, SER911, GLY913, ASP914"
Eribulin,11,2,No,"SER681, GLU688, THR866, THR867, HIS909, SER911, GLN912, GLY913, ASP914, PRO915"
Erlotinib,12,4,No,"SER681, LYS684, ALA685, GLU688, ARG865, THR866, THR867, HIS909, SER911, GLY913"
Etoposide,12,4,No,"LYS684, ALA685, GLU688, ASN767, ARG865, THR866, THR867, CYS908, HIS909, SER911"
Everolimus,15,2,No,"ASP678, SER681, LYS684, ALA685, GLU688, THR866, THR867, CYS908, HIS909, THR910"
Exatecan,11,2,No,"SER681, LYS684, GLU688, THR866, THR867, CYS908, HIS909, THR910, SER911, GLY913"
Gefitinib,9,1,No,"SER681, LYS684, GLU688, THR866, CYS908, HIS909, SER911, GLY913, ASP914"
Ipatasertib,10,2,No,"SER681, LYS684, ALA685, GLU688, ASN767, ARG865, THR867, SER911, GLY913, ASP914"
Lapatinib,13,2,No,"SER681, LYS684, ALA685, GLU688, ARG865, THR866, THR867, CYS908, HIS909, THR910"
Niraparib,8,1,No,"SER681, LYS684, ALA685, GLU688, THR867, SER911, GLY913, ASP914"
Olaparib,13,4,No,"SER681, LYS684, ALA685, GLU688, TYR689, ASN767, ARG865, THR866, THR867, CYS908"
Osimertinib,11,2,No,"SER681, LYS684, ALA685, GLU688, ARG865, THR866, THR867, HIS909, SER911, GLY913"
Paclitaxel,11,3,No,"GLU680, LYS684, GLU688, ARG865, THR866, THR867, HIS909, SER911, GLY913, ASP914"
Palbociclib,10,1,No,"SER681, LYS684, GLU688, ARG865, THR866, THR867, HIS909, SER911, GLY913, ASP914"
Pamiparib,11,1,No,"SER681, LYS684, GLU688, ARG865, THR866, THR867, CYS908, HIS909, SER911, ASP914"
Ribociclib,8,0,No,"SER681, LYS684, GLU688, THR867, HIS909, SER911, GLY913, ASP914"
Rucaparib,11,0,No,"SER681, LYS684, ALA685, GLU688, ARG865, THR866, THR867, CYS908, HIS909, GLY913"
Selumetinib,9,0,No,"SER681, LYS684, GLU688, ARG865, THR867, HIS909, SER911, GLY913, ASP914"
SN_38,9,5,No,"GLU688, ARG865, THR866, THR867, HIS909, SER911, GLY913, ASP914, ILE916"
Talazoparib,15,4,No,"LYS684, ALA685, GLU688, TYR689, ASN767, ARG865, THR866, THR867, CYS908, HIS909"
Topotecan,9,3,No,"SER681, LYS684, GLU688, ARG865, THR866, THR867, SER911, GLY913, ASP914"
Trametinib,13,2,No,"SER681, LYS684, ALA685, GLU688, THR866, THR867, CYS908, HIS909, THR910, SER911"
Veliparib,10,0,No,"SER681, LYS684, GLU688, ARG865, THR866, THR867, CYS908, HIS909, SER911, ASP914"
