name,drug_class,drugbank_id,Real_Vina_Docking_Score_kcal_mol,n_ring_conformers,Pose_File,Log_File
Olaparib,PARP Inhibitor,DB00946,-12.804,5,results/docking/real_poses/Olaparib_out.pdbqt,results/docking/real_poses/Olaparib_vina.log
Talazoparib,PARP Inhibitor,DB11760,-12.189,2,results/docking/real_poses/Talazoparib_out.pdbqt,results/docking/real_poses/Talazoparib_vina.log
Rucaparib,PARP Inhibitor,DB12330,-9.566,2,results/docking/real_poses/Rucaparib_out.pdbqt,results/docking/real_poses/Rucaparib_vina.log
Niraparib,PARP Inhibitor,DB12340,-10.92,4,results/docking/real_poses/Niraparib_out.pdbqt,results/docking/real_poses/Niraparib_vina.log
Veliparib,PARP Inhibitor,DB11927,-8.918,3,results/docking/real_poses/Veliparib_out.pdbqt,results/docking/real_poses/Veliparib_vina.log
Pamiparib,PARP Inhibitor,DB15024,-11.91,3,results/docking/real_poses/Pamiparib_out.pdbqt,results/docking/real_poses/Pamiparib_vina.log
Paclitaxel,Taxane,DB01204,-9.587,5,results/docking/real_poses/Paclitaxel_out.pdbqt,results/docking/real_poses/Paclitaxel_vina.log
Docetaxel,Taxane,DB01248,-9.317,5,results/docking/real_poses/Docetaxel_out.pdbqt,results/docking/real_poses/Docetaxel_vina.log
Cabazitaxel,Taxane,DB08868,-9.018,5,results/docking/real_poses/Cabazitaxel_out.pdbqt,results/docking/real_poses/Cabazitaxel_vina.log
Eribulin,Microtubule Inhibitor,DB08871,-8.917,5,results/docking/real_poses/Eribulin_out.pdbqt,results/docking/real_poses/Eribulin_vina.log
Doxorubicin,Anthracycline,DB00997,-10.82,5,results/docking/real_poses/Doxorubicin_out.pdbqt,results/docking/real_poses/Doxorubicin_vina.log
Epirubicin,Anthracycline,DB00445,-11.15,5,results/docking/real_poses/Epirubicin_out.pdbqt,results/docking/real_poses/Epirubicin_vina.log
Etoposide,Topoisomerase II Inhibitor,DB00773,-12.007,5,results/docking/real_poses/Etoposide_out.pdbqt,results/docking/real_poses/Etoposide_vina.log
SN-38,Topoisomerase I Inhibitor,DB_SN38,-10.468,2,results/docking/real_poses/SN_38_out.pdbqt,results/docking/real_poses/SN_38_vina.log
Exatecan,Topoisomerase I Inhibitor,DB12702,-12.05,4,results/docking/real_poses/Exatecan_out.pdbqt,results/docking/real_poses/Exatecan_vina.log
Topotecan,Topoisomerase I Inhibitor,DB01030,-10.502,2,results/docking/real_poses/Topotecan_out.pdbqt,results/docking/real_poses/Topotecan_vina.log
Alpelisib,PI3Kalpha Inhibitor,DB12349,-9.294,2,results/docking/real_poses/Alpelisib_out.pdbqt,results/docking/real_poses/Alpelisib_vina.log
Abemaciclib,CDK4/6 Inhibitor,DB12001,-9.484,5,results/docking/real_poses/Abemaciclib_out.pdbqt,results/docking/real_poses/Abemaciclib_vina.log
Palbociclib,CDK4/6 Inhibitor,DB09073,-11.172,5,results/docking/real_poses/Palbociclib_out.pdbqt,results/docking/real_poses/Palbociclib_vina.log
Ribociclib,CDK4/6 Inhibitor,DB11730,-9.964,5,results/docking/real_poses/Ribociclib_out.pdbqt,results/docking/real_poses/Ribociclib_vina.log
Capivasertib,AKT Inhibitor,DB12154,-10.351,5,results/docking/real_poses/Capivasertib_out.pdbqt,results/docking/real_poses/Capivasertib_vina.log
Ipatasertib,AKT Inhibitor,DB12534,-10.289,5,results/docking/real_poses/Ipatasertib_out.pdbqt,results/docking/real_poses/Ipatasertib_vina.log
Cobimetinib,MEK Inhibitor,DB09565,-10.223,5,results/docking/real_poses/Cobimetinib_out.pdbqt,results/docking/real_poses/Cobimetinib_vina.log
Trametinib,MEK Inhibitor,DB08911,-10.551,5,results/docking/real_poses/Trametinib_out.pdbqt,results/docking/real_poses/Trametinib_vina.log
Selumetinib,MEK Inhibitor,DB11928,-9.015,1,results/docking/real_poses/Selumetinib_out.pdbqt,results/docking/real_poses/Selumetinib_vina.log
Everolimus,mTOR Inhibitor,DB01590,-7.756,5,results/docking/real_poses/Everolimus_out.pdbqt,results/docking/real_poses/Everolimus_vina.log
Erlotinib,EGFR TKI,DB00530,-9.255,1,results/docking/real_poses/Erlotinib_out.pdbqt,results/docking/real_poses/Erlotinib_vina.log
Lapatinib,EGFR/HER2 TKI,DB01259,-11.026,1,results/docking/real_poses/Lapatinib_out.pdbqt,results/docking/real_poses/Lapatinib_vina.log
Gefitinib,EGFR TKI,DB00317,-9.463,4,results/docking/real_poses/Gefitinib_out.pdbqt,results/docking/real_poses/Gefitinib_vina.log
Osimertinib,3rd Gen EGFR TKI,DB09330,-10.256,1,results/docking/real_poses/Osimertinib_out.pdbqt,results/docking/real_poses/Osimertinib_vina.log
