name,residue,chain,min_dist_A,polar
Olaparib,Asp766,A,3.02,True
Olaparib,Asp770,A,3.6,False
Olaparib,Trp861,A,3.79,False
Olaparib,His862,A,3.06,False
Olaparib,Gly863,A,2.98,True
Olaparib,Ile872,A,3.29,False
Olaparib,Gly876,A,3.52,False
Olaparib,Leu877,A,3.83,False
Olaparib,Arg878,A,2.9,True
Olaparib,Tyr889,A,2.95,True
Olaparib,Tyr896,A,3.4,False
Olaparib,Phe897,A,3.62,False
Olaparib,Ala898,A,3.66,False
Olaparib,Lys903,A,3.85,False
Olaparib,Ser904,A,3.11,True
Olaparib,Tyr907,A,3.3,False
Olaparib,Glu988,A,3.68,False
Talazoparib,Gln759,A,3.75,False
Talazoparib,Glu763,A,3.28,False
Talazoparib,Trp861,A,3.22,True
Talazoparib,His862,A,3.03,False
Talazoparib,Gly863,A,3.17,True
Talazoparib,Gly888,A,2.81,False
Talazoparib,Tyr889,A,3.45,False
Talazoparib,Tyr896,A,3.37,False
Talazoparib,Phe897,A,3.56,False
Talazoparib,Ala898,A,3.68,False
Talazoparib,Lys903,A,3.41,False
Talazoparib,Ser904,A,2.55,True
Talazoparib,Tyr907,A,3.32,True
Talazoparib,Asn987,A,3.9,False
Talazoparib,Glu988,A,3.28,False
Rucaparib,Glu763,A,3.01,True
Rucaparib,His862,A,3.3,False
Rucaparib,Gly863,A,2.96,True
Rucaparib,Gly888,A,3.45,False
Rucaparib,Tyr889,A,3.37,False
Rucaparib,Tyr896,A,3.17,False
Rucaparib,Phe897,A,3.24,False
Rucaparib,Ala898,A,3.2,False
Rucaparib,Lys903,A,3.31,False
Rucaparib,Ser904,A,2.96,True
Rucaparib,Tyr907,A,3.41,True
Rucaparib,Asn987,A,3.88,False
Rucaparib,Glu988,A,3.62,False
Niraparib,Glu763,A,3.13,False
Niraparib,Asp766,A,3.08,True
Niraparib,Trp861,A,3.6,False
Niraparib,His862,A,2.93,False
Niraparib,Gly863,A,2.98,True
Niraparib,Thr887,A,3.29,False
Niraparib,Gly888,A,3.51,False
Niraparib,Tyr889,A,3.19,True
Niraparib,Tyr896,A,3.23,False
Niraparib,Phe897,A,3.78,False
Niraparib,Ala898,A,3.79,False
Niraparib,Lys903,A,3.71,False
Niraparib,Ser904,A,3.01,True
Niraparib,Tyr907,A,3.34,False
Niraparib,Glu988,A,3.61,False
Veliparib,Trp861,A,3.55,False
Veliparib,His862,A,3.01,False
Veliparib,Gly863,A,3.04,True
Veliparib,Tyr889,A,3.66,False
Veliparib,Tyr896,A,3.37,False
Veliparib,Phe897,A,3.64,False
Veliparib,Ala898,A,3.7,False
Veliparib,Lys903,A,3.91,False
Veliparib,Ser904,A,2.83,True
Veliparib,Tyr907,A,3.36,True
Veliparib,Glu988,A,3.65,False
Pamiparib,Trp861,A,3.72,False
Pamiparib,His862,A,3.17,False
Pamiparib,Gly863,A,3.07,True
Pamiparib,Tyr889,A,3.74,False
Pamiparib,Tyr896,A,3.29,False
Pamiparib,Phe897,A,3.25,False
Pamiparib,Ala898,A,3.26,False
Pamiparib,Lys903,A,3.3,False
Pamiparib,Ser904,A,2.86,True
Pamiparib,Tyr907,A,3.33,True
Pamiparib,Asn987,A,3.75,False
Pamiparib,Glu988,A,3.58,False
Paclitaxel,Gln759,A,3.37,False
Paclitaxel,Ala762,A,3.57,False
Paclitaxel,Glu763,A,2.92,True
Paclitaxel,Asp766,A,3.34,False
Paclitaxel,His862,A,2.83,True
Paclitaxel,Gly863,A,2.82,True
Paclitaxel,Ser864,A,2.52,False
Paclitaxel,Asn868,A,3.61,False
Paclitaxel,Arg878,A,3.18,True
Paclitaxel,Thr887,A,2.93,False
Paclitaxel,Gly888,A,2.83,True
Paclitaxel,Tyr889,A,3.21,False
Paclitaxel,Met890,A,3.74,False
Paclitaxel,Gly894,A,2.82,False
Paclitaxel,Ile895,A,3.38,False
Paclitaxel,Tyr896,A,3.11,True
Paclitaxel,Tyr907,A,3.23,True
Paclitaxel,His909,A,3.82,False
Docetaxel,Gln759,A,3.25,True
Docetaxel,Glu763,A,2.9,True
Docetaxel,Asp766,A,2.77,True
Docetaxel,His862,A,3.21,True
Docetaxel,Gly863,A,2.72,True
Docetaxel,Ser864,A,2.7,True
Docetaxel,Asn868,A,3.19,True
Docetaxel,Arg878,A,3.85,False
Docetaxel,Ala880,A,3.91,False
Docetaxel,Gly888,A,2.98,True
Docetaxel,Tyr889,A,3.08,True
Docetaxel,Met890,A,3.47,False
Docetaxel,Gly894,A,2.71,False
Docetaxel,Tyr896,A,3.21,True
Docetaxel,Tyr907,A,3.36,False
Docetaxel,His909,A,3.96,False
Cabazitaxel,Gln759,A,3.18,True
Cabazitaxel,Glu763,A,3.01,True
Cabazitaxel,Asp766,A,3.09,True
Cabazitaxel,Asp770,A,3.2,False
Cabazitaxel,His862,A,3.23,True
Cabazitaxel,Gly863,A,2.76,True
Cabazitaxel,Ser864,A,2.82,True
Cabazitaxel,Asn868,A,3.53,False
Cabazitaxel,Ile872,A,3.61,False
Cabazitaxel,Arg878,A,3.64,False
Cabazitaxel,Ala880,A,3.68,False
Cabazitaxel,Gly888,A,2.92,True
Cabazitaxel,Tyr889,A,3.16,True
Cabazitaxel,Met890,A,3.42,False
Cabazitaxel,Gly894,A,2.58,False
Cabazitaxel,Tyr896,A,3.12,True
Cabazitaxel,Lys903,A,3.55,False
Cabazitaxel,Tyr907,A,2.76,True
Cabazitaxel,His909,A,3.01,True
Eribulin,Glu763,A,3.36,True
Eribulin,Asp766,A,3.04,True
Eribulin,Asn767,A,3.62,False
Eribulin,Asp770,A,2.8,False
Eribulin,His862,A,3.34,False
Eribulin,Gly863,A,3.75,False
Eribulin,Ser864,A,3.83,False
Eribulin,Arg865,A,3.33,False
Eribulin,Asn868,A,3.23,False
Eribulin,Arg878,A,3.06,True
Eribulin,Gly888,A,3.19,False
Eribulin,Tyr889,A,3.33,False
Eribulin,Met890,A,3.52,False
Eribulin,Gly894,A,3.51,False
Eribulin,Tyr896,A,3.2,False
Eribulin,Tyr907,A,3.02,True
Eribulin,His909,A,3.36,False
Eribulin,Glu988,A,3.18,True
Doxorubicin,Tyr710,A,3.61,False
Doxorubicin,Glu763,A,3.4,True
Doxorubicin,Asp766,A,2.96,True
Doxorubicin,Leu769,A,3.35,False
Doxorubicin,His862,A,2.85,True
Doxorubicin,Gly863,A,3.55,False
Doxorubicin,Ser864,A,2.58,True
Doxorubicin,Asn868,A,3.23,True
Doxorubicin,Arg878,A,3.02,True
Doxorubicin,Tyr889,A,3.08,True
Doxorubicin,Tyr896,A,3.34,False
Doxorubicin,Tyr907,A,3.39,False
Epirubicin,Asp766,A,3.1,True
Epirubicin,His862,A,3.3,True
Epirubicin,Gly863,A,2.54,True
Epirubicin,Ser864,A,2.91,True
Epirubicin,Arg865,A,2.88,True
Epirubicin,Asn868,A,2.95,True
Epirubicin,Arg878,A,2.61,True
Epirubicin,Ile879,A,3.58,False
Epirubicin,Ala880,A,3.1,True
Epirubicin,Tyr889,A,3.64,False
Epirubicin,Gly894,A,2.74,True
Epirubicin,Ile895,A,3.83,False
Epirubicin,Tyr896,A,3.29,False
Epirubicin,Lys903,A,3.9,False
Epirubicin,Tyr907,A,2.61,True
Epirubicin,His909,A,3.6,False
Epirubicin,Glu988,A,3.09,True
Etoposide,Asp766,A,3.61,False
Etoposide,Asp770,A,3.53,False
Etoposide,His862,A,3.73,False
Etoposide,Gly863,A,3.56,False
Etoposide,Ser864,A,2.73,True
Etoposide,Arg865,A,3.48,False
Etoposide,Asn868,A,3.09,True
Etoposide,Ile872,A,3.34,False
Etoposide,Gly876,A,3.44,False
Etoposide,Leu877,A,3.34,False
Etoposide,Arg878,A,2.74,True
Etoposide,Ile879,A,3.56,False
Etoposide,Ala880,A,3.69,False
Etoposide,Tyr889,A,3.47,False
Etoposide,Gly894,A,3.23,True
Etoposide,Tyr896,A,3.15,True
Etoposide,Tyr907,A,2.97,True
Etoposide,His909,A,3.01,True
SN-38,Asp766,A,3.37,True
SN-38,Asp770,A,3.45,False
SN-38,His862,A,3.86,False
SN-38,Ser864,A,3.94,False
SN-38,Asn868,A,3.56,False
SN-38,Leu877,A,3.45,False
SN-38,Arg878,A,3.0,True
SN-38,Ala880,A,3.56,False
SN-38,Tyr889,A,3.22,True
SN-38,Tyr896,A,3.41,False
SN-38,Tyr907,A,2.72,True
Exatecan,Asp766,A,3.26,True
Exatecan,Asp770,A,3.62,False
Exatecan,His862,A,3.38,False
Exatecan,Ser864,A,3.98,False
Exatecan,Asn868,A,3.6,False
Exatecan,Leu877,A,3.58,False
Exatecan,Arg878,A,3.06,True
Exatecan,Tyr889,A,3.11,True
Exatecan,Tyr896,A,3.2,False
Exatecan,Lys903,A,3.86,False
Exatecan,Ser904,A,3.39,False
Exatecan,Tyr907,A,3.23,False
Topotecan,Asp766,A,3.43,True
Topotecan,Asp770,A,3.39,False
Topotecan,His862,A,3.87,False
Topotecan,Asn868,A,3.93,False
Topotecan,Gly876,A,3.71,False
Topotecan,Leu877,A,3.21,False
Topotecan,Arg878,A,2.95,True
Topotecan,Ala880,A,3.48,False
Topotecan,Gly888,A,3.45,False
Topotecan,Tyr889,A,3.34,True
Topotecan,Tyr896,A,3.25,False
Topotecan,Tyr907,A,2.78,True
Alpelisib,Asp766,A,3.6,False
Alpelisib,Asp770,A,3.56,False
Alpelisib,Trp861,A,3.31,True
Alpelisib,His862,A,3.38,False
Alpelisib,Gly863,A,3.76,False
Alpelisib,Arg878,A,3.27,False
Alpelisib,Ala880,A,3.95,False
Alpelisib,Tyr889,A,3.65,False
Alpelisib,Tyr896,A,3.38,True
Alpelisib,Phe897,A,3.55,False
Alpelisib,Ala898,A,3.48,False
Alpelisib,Lys903,A,3.8,False
Alpelisib,Ser904,A,2.78,True
Alpelisib,Tyr907,A,3.13,False
Alpelisib,Glu988,A,3.36,False
Abemaciclib,Glu763,A,3.29,False
Abemaciclib,Asp766,A,3.28,False
Abemaciclib,Asp770,A,3.79,False
Abemaciclib,His862,A,2.84,True
Abemaciclib,Gly863,A,2.54,True
Abemaciclib,Ser864,A,3.49,False
Abemaciclib,Arg878,A,3.52,False
Abemaciclib,Ile879,A,3.87,False
Abemaciclib,Ala880,A,3.35,False
Abemaciclib,Pro881,A,3.69,False
Abemaciclib,Thr887,A,3.82,False
Abemaciclib,Gly888,A,3.02,True
Abemaciclib,Tyr889,A,3.2,False
Abemaciclib,Tyr896,A,3.25,False
Abemaciclib,Tyr907,A,3.57,False
Palbociclib,Tyr710,A,3.51,False
Palbociclib,Asp766,A,3.44,False
Palbociclib,Leu769,A,3.77,False
Palbociclib,His862,A,3.63,False
Palbociclib,Gly863,A,3.3,True
Palbociclib,Arg878,A,2.99,True
Palbociclib,Ile879,A,3.4,False
Palbociclib,Ala880,A,3.67,False
Palbociclib,Gly888,A,3.76,False
Palbociclib,Tyr896,A,3.23,False
Palbociclib,Phe897,A,3.33,False
Palbociclib,Lys903,A,3.51,False
Palbociclib,Ser904,A,3.9,False
Palbociclib,Tyr907,A,3.17,True
Palbociclib,Glu988,A,3.46,False
Ribociclib,Tyr710,A,3.74,False
Ribociclib,Asp766,A,3.39,False
Ribociclib,Gly863,A,3.77,False
Ribociclib,Asn868,A,3.81,False
Ribociclib,Arg878,A,3.05,True
Ribociclib,Ile879,A,3.35,False
Ribociclib,Ala880,A,3.68,False
Ribociclib,Tyr889,A,3.43,False
Ribociclib,Gly894,A,3.47,False
Ribociclib,Tyr896,A,3.31,False
Ribociclib,Phe897,A,3.34,False
Ribociclib,Ala898,A,3.36,False
Ribociclib,Lys903,A,3.82,False
Ribociclib,Ser904,A,3.53,False
Ribociclib,Tyr907,A,3.34,False
Ribociclib,Glu988,A,3.95,False
Capivasertib,Ala762,A,3.2,False
Capivasertib,Glu763,A,3.39,False
Capivasertib,Asp766,A,3.5,False
Capivasertib,Trp861,A,3.85,False
Capivasertib,His862,A,3.54,False
Capivasertib,Gly863,A,3.23,False
Capivasertib,Thr887,A,3.4,False
Capivasertib,Gly888,A,2.92,True
Capivasertib,Tyr889,A,3.41,False
Capivasertib,Met890,A,3.04,True
Capivasertib,Tyr896,A,3.34,True
Capivasertib,Phe897,A,3.54,False
Capivasertib,Ala898,A,3.45,True
Capivasertib,Ser904,A,3.07,True
Capivasertib,Tyr907,A,3.49,False
Capivasertib,Glu988,A,3.78,False
Ipatasertib,Gln759,A,3.46,False
Ipatasertib,Ala762,A,3.23,False
Ipatasertib,Glu763,A,3.31,False
Ipatasertib,Asp766,A,3.55,False
Ipatasertib,Asp770,A,3.63,False
Ipatasertib,His862,A,3.54,False
Ipatasertib,Ile872,A,3.76,False
Ipatasertib,Gly876,A,3.96,False
Ipatasertib,Leu877,A,3.4,False
Ipatasertib,Arg878,A,2.95,True
Ipatasertib,Thr887,A,3.35,False
Ipatasertib,Gly888,A,3.31,False
Ipatasertib,Tyr889,A,3.46,False
Ipatasertib,Tyr896,A,3.36,False
Ipatasertib,Tyr907,A,3.18,False
Ipatasertib,Glu988,A,3.82,False
Cobimetinib,Tyr710,A,3.83,False
Cobimetinib,Glu763,A,3.29,False
Cobimetinib,Asp766,A,3.27,False
Cobimetinib,His862,A,3.81,False
Cobimetinib,Gly863,A,3.53,False
Cobimetinib,Ser864,A,3.06,True
Cobimetinib,Arg878,A,3.17,True
Cobimetinib,Ile879,A,3.61,False
Cobimetinib,Ala880,A,3.4,True
Cobimetinib,Pro881,A,3.92,False
Cobimetinib,Tyr896,A,3.41,False
Cobimetinib,Phe897,A,3.94,False
Cobimetinib,Ser904,A,3.92,False
Cobimetinib,Tyr907,A,3.31,False
Cobimetinib,His909,A,3.38,False
Trametinib,Leu769,A,3.89,False
Trametinib,His862,A,3.97,False
Trametinib,Ser864,A,2.89,True
Trametinib,Asn868,A,3.17,True
Trametinib,Leu877,A,3.76,False
Trametinib,Arg878,A,2.79,True
Trametinib,Ile879,A,3.08,True
Trametinib,Ala880,A,2.99,True
Trametinib,Pro881,A,3.74,False
Trametinib,Tyr889,A,2.9,False
Trametinib,Gly894,A,3.63,False
Trametinib,Tyr896,A,3.24,False
Trametinib,Phe897,A,3.76,False
Trametinib,Tyr907,A,3.25,False
Trametinib,His909,A,3.37,False
Selumetinib,Asp766,A,3.79,False
Selumetinib,Asn767,A,3.53,False
Selumetinib,His862,A,3.66,False
Selumetinib,Gly863,A,3.26,True
Selumetinib,Ser864,A,2.84,True
Selumetinib,Arg865,A,3.36,True
Selumetinib,Asn868,A,2.98,True
Selumetinib,Ala880,A,3.64,False
Selumetinib,Tyr889,A,3.66,False
Selumetinib,Tyr896,A,3.44,False
Selumetinib,Phe897,A,3.69,False
Selumetinib,Ala898,A,3.87,False
Selumetinib,Tyr907,A,3.58,False
Selumetinib,His909,A,3.57,False
Everolimus,Tyr710,A,3.23,True
Everolimus,Gln759,A,2.7,True
Everolimus,Glu763,A,2.85,True
Everolimus,Asp766,A,3.08,True
Everolimus,Asp770,A,3.9,False
Everolimus,Tyr829,A,2.34,False
Everolimus,His862,A,3.74,False
Everolimus,Gly863,A,3.2,False
Everolimus,Ser864,A,3.12,True
Everolimus,Arg865,A,3.01,True
Everolimus,Asn868,A,2.96,True
Everolimus,Arg878,A,3.44,False
Everolimus,Ile879,A,2.68,False
Everolimus,Ala880,A,2.23,False
Everolimus,Pro881,A,3.21,False
Everolimus,Gly888,A,3.43,True
Everolimus,Tyr889,A,3.03,True
Everolimus,Gly894,A,3.52,False
Everolimus,Ile895,A,3.71,False
Everolimus,Tyr896,A,3.18,False
Everolimus,Lys903,A,3.3,True
Everolimus,Ala905,A,3.12,False
Everolimus,Asn906,A,3.51,False
Everolimus,Tyr907,A,3.48,False
Everolimus,His909,A,3.32,True
Everolimus,Thr910,A,3.5,False
Everolimus,Phe1007,A,3.86,False
Everolimus,Phe1009,A,3.66,False
Erlotinib,Asp766,A,3.71,False
Erlotinib,His862,A,3.37,False
Erlotinib,Gly863,A,2.8,True
Erlotinib,Ser864,A,3.19,True
Erlotinib,Arg865,A,3.94,False
Erlotinib,Asn868,A,3.17,True
Erlotinib,Arg878,A,3.02,True
Erlotinib,Gly894,A,3.63,False
Erlotinib,Ile895,A,3.63,False
Erlotinib,Tyr896,A,3.14,True
Erlotinib,Phe897,A,3.64,False
Erlotinib,Ala898,A,3.77,False
Erlotinib,Ser904,A,3.83,False
Erlotinib,Tyr907,A,3.45,True
Lapatinib,Gln759,A,3.35,True
Lapatinib,Ala762,A,3.29,False
Lapatinib,Glu763,A,3.2,True
Lapatinib,Asp766,A,3.31,False
Lapatinib,Trp861,A,3.66,False
Lapatinib,His862,A,3.42,True
Lapatinib,Gly863,A,3.18,True
Lapatinib,Thr887,A,3.42,False
Lapatinib,Gly888,A,3.06,True
Lapatinib,Tyr889,A,3.45,False
Lapatinib,Met890,A,3.36,False
Lapatinib,Gly894,A,3.15,False
Lapatinib,Tyr896,A,3.45,False
Lapatinib,Phe897,A,3.66,False
Lapatinib,Ala898,A,3.65,False
Lapatinib,Ser904,A,3.0,True
Lapatinib,Tyr907,A,3.0,True
Lapatinib,Glu988,A,3.96,False
Gefitinib,Asp766,A,3.38,True
Gefitinib,Asp770,A,3.54,False
Gefitinib,His862,A,3.4,True
Gefitinib,Gly863,A,2.82,True
Gefitinib,Ser864,A,3.14,True
Gefitinib,Asn868,A,3.14,True
Gefitinib,Arg878,A,3.33,False
Gefitinib,Tyr889,A,3.24,True
Gefitinib,Gly894,A,3.12,True
Gefitinib,Ile895,A,3.95,False
Gefitinib,Tyr896,A,3.36,False
Gefitinib,Tyr907,A,3.45,False
Osimertinib,Asp766,A,3.79,False
Osimertinib,Asp770,A,3.82,False
Osimertinib,His862,A,3.74,False
Osimertinib,Gly863,A,3.27,True
Osimertinib,Ser864,A,3.51,False
Osimertinib,Arg865,A,3.59,False
Osimertinib,Asn868,A,3.76,False
Osimertinib,Ile872,A,3.77,False
Osimertinib,Leu877,A,3.63,False
Osimertinib,Arg878,A,3.68,False
Osimertinib,Ala880,A,3.9,False
Osimertinib,Tyr889,A,3.63,False
Osimertinib,Gly894,A,3.57,False
Osimertinib,Tyr896,A,3.35,False
Osimertinib,Phe897,A,3.69,False
Osimertinib,Lys903,A,3.79,False
Osimertinib,Ser904,A,3.55,False
Osimertinib,Tyr907,A,3.4,False
Osimertinib,His909,A,3.89,False
Osimertinib,Glu988,A,3.83,False
