name,class,smiles,drugbank_id
Olaparib,PARP Inhibitor,C1CC1C(=O)N2CCN(CC2)C(=O)C3=C(C=CC(=C3)CC4=NNC(=O)C5=CC=CC=C54)F,DB00140
Talazoparib,PARP Inhibitor,CN1C(=NC=N1)[C@@H]2[C@H](NC3=CC(=CC4=C3C2=NNC4=O)F)C5=CC=C(C=C5)F,DB11760
Rucaparib,PARP Inhibitor,CNCC1=CC=C(C=C1)C2=C3CCNC(=O)C4=C3C(=CC(=C4)F)N2,DB12331
Niraparib,PARP Inhibitor,C1C[C@H](CNC1)C2=CC=C(C=C2)N3C=C4C=CC=C(C4=N3)C(=O)N,DB12340
Veliparib,PARP Inhibitor,C[C@@]1(CCCN1)C2=NC3=C(C=CC=C3N2)C(=O)N,DB11692
Pamiparib,PARP Inhibitor,C[C@]12CCCN1CC3=NNC(=O)C4=C5C3=C2NC5=CC(=C4)F,DB15002
Everolimus,mTOR Inhibitor,C[C@@H]1CC[C@H]2C[C@@H](/C(=C/C=C/C=C/[C@H](C[C@H](C(=O)[C@@H]([C@@H](/C(=C/[C@H](C(=O)C[C@H](OC(=O)[C@@H]3CCCCN3C(=O)C(=O)[C@@]1(O2)O)[C@H](C)C[C@@H]4CC[C@H]([C@@H](C4)OC)OCCO)C)/C)O)OC)C)C)/C)OC,DB00444
Buparlisib,PI3K Inhibitor,Cc1nc(nc(n1)N1CCOCC1)-c1ccc(F)c(N2CCOCC2)c1,DB12128
Cediranib,VEGFR/c-Kit Inhibitor,COc1cc2ncnc(Nc3ccc4[nH]c(C)nc4c3F)c2cc1OCC1CCN(C)CC1,DB06436
Paxalisib,PI3K/mTOR Inhibitor,CC(C)(C)c1nc(nc(n1)N1CCOCC1)-c1cnc(N2CCOCC2)nc1N,DB15438
Doxorubicin,Anthracycline,C[C@H]1[C@H]([C@H](C[C@@H](O1)O[C@H]2C[C@@](CC3=C2C(=C4C(=C3O)C(=O)C5=C(C4=O)C(=CC=C5)OC)O)(C(=O)CO)O)N)O,DB00997
Epirubicin,Anthracycline,C[C@H]1[C@@H]([C@H](C[C@@H](O1)O[C@H]2C[C@@](CC3=C2C(=C4C(=C3O)C(=O)C5=C(C4=O)C(=CC=C5)OC)O)(C(=O)CO)O)N)O,DB00445
Idarubicin,Anthracycline,CC(=O)[C@@]1(O)Cc2c(O)c3C(=O)c4ccccc4C(=O)c3c(O)c2C[C@@H]1O[C@H]1C[C@H](N)[C@H](O)[C@H](C)O1,DB00642
Topotecan,Topoisomerase I Inhibitor,CC[C@@]1(C2=C(COC1=O)C(=O)N3CC4=CC5=C(C=CC(=C5CN(C)C)O)N=C4C3=C2)O,DB01030
Irinotecan,Topoisomerase I Inhibitor,CCC1(O)C(=O)OCc2c1cc1-c3nc4ccc(OC(=O)N5CCC(CC5)N5CCCCC5)cc4cc3Cn1c2=O,DB00762
SN-38,Topoisomerase I Inhibitor / ADC Payload,CCC1=C2CN3C(=CC4=C(C3=O)COC(=O)[C@@]4(CC)O)C2=NC5=C1C=C(C=C5)O,DB05482
Etoposide,Topoisomerase II Inhibitor,C[C@@H]1OC[C@@H]2[C@@H](O1)[C@@H]([C@H]([C@@H](O2)O[C@H]3[C@H]4COC(=O)[C@@H]4[C@@H](C5=CC6=C(C=C35)OCO6)C7=CC(=C(C(=C7)OC)O)OC)O)O,DB00773
Gemcitabine,Antimetabolite,Nc1ccn([C@@H]2O[C@H](CO)[C@@H](O)C2(F)F)c(=O)n1,DB00441
Capecitabine,Antimetabolite,CCCCCOC(=O)Nc1nc(=O)n([C@@H]2O[C@H](C)[C@@H](O)[C@H]2O)cc1F,DB01101
Fluorouracil,Antimetabolite,O=c1[nH]cc(F)c(=O)[nH]1,DB00544
Methotrexate,Antifolate,CN(Cc1cnc2nc(N)nc(N)c2n1)c1ccc(C(=O)N[C@@H](CCC(=O)O)C(=O)O)cc1,DB00563
Pemetrexed,Antifolate,Nc1nc2[nH]c(CCc3ccc(cc3)C(=O)N[C@@H](CCC(=O)O)C(=O)O)cc2c(=O)[nH]1,DB00643
Cytarabine,Antimetabolite,Nc1ccn([C@@H]2O[C@H](CO)[C@@H](O)[C@@H]2O)c(=O)n1,DB00503
Paclitaxel,Taxane,CC1=C2[C@H](C(=O)[C@@]3([C@H](C[C@@H]4[C@]([C@H]3[C@@H]([C@@](C2(C)C)(C[C@@H]1OC(=O)[C@@H]([C@H](C5=CC=CC=C5)NC(=O)C6=CC=CC=C6)O)O)OC(=O)C7=CC=CC=C7)(CO4)OC(=O)C)O)C)OC(=O)C,DB01204
Docetaxel,Taxane,CC1=C2[C@H](C(=O)[C@@]3([C@H](C[C@@H]4[C@]([C@H]3[C@@H]([C@@](C2(C)C)(C[C@@H]1OC(=O)[C@@H]([C@H](C5=CC=CC=C5)NC(=O)OC(C)(C)C)O)O)OC(=O)C6=CC=CC=C6)(CO4)OC(=O)C)O)C)O,DB01248
Cabazitaxel,Taxane,CC1=C2[C@H](C(=O)[C@@]3([C@H](C[C@@H]4[C@]([C@H]3[C@@H]([C@@](C2(C)C)(C[C@@H]1OC(=O)[C@@H]([C@H](C5=CC=CC=C5)NC(=O)OC(C)(C)C)O)O)OC(=O)C6=CC=CC=C6)(CO4)OC(=O)C)OC)C)OC,DB08868
Vinorelbine,Vinca Alkaloid,CCC1=C[C@@H]2C[C@@](C1)(c1c([nH]c3ccccc13)[C@@]1(CO2)C[C@H]2N(C)c3ccccc3[C@@]23C=CCN4CC[C@]13[C@H]4CC)C(=O)OC,DB00361
Vinblastine,Vinca Alkaloid,CCC1(O)C[C@@H]2C[C@@](C1)(c1c([nH]c3ccccc13)[C@]3(O)C[C@H]2N(C)c1ccccc1[C@]34C=CCN1CC[C@@]41CC)C(=O)OC,DB00570
Ixabepilone,Epothilone,CC1CCCC(C)(C)[C@@H](O)CC(=O)N[C@H](C)[C@@H](O)[C@@H](C)/C(=C/c2nc(C)cs2)C1(C)C,DB04845
Eribulin,Halichondrin B Analog,C[C@@H]1C[C@@H]2CC[C@H]3C(=C)C[C@@H](O3)CC[C@]45C[C@@H]6[C@H](O4)[C@H]7[C@@H](O6)[C@@H](O5)[C@@H]8[C@@H](O7)CC[C@@H](O8)CC(=O)C[C@H]9[C@H](C[C@H](C1=C)O2)O[C@@H]([C@@H]9OC)C[C@@H](CN)O,DB08871
Lapatinib,EGFR/HER2 Inhibitor,CS(=O)(=O)CCNCC1=CC=C(O1)C2=CC3=C(C=C2)N=CN=C3NC4=CC(=C(C=C4)OCC5=CC(=CC=C5)F)Cl,DB01259
Gefitinib,EGFR Inhibitor,COC1=C(C=C2C(=C1)N=CN=C2NC3=CC(=C(C=C3)F)Cl)OCCCN4CCOCC4,DB00317
Erlotinib,EGFR Inhibitor,COCCOC1=C(C=C2C(=C1)C(=NC=N2)NC3=CC=CC(=C3)C#C)OCCOC,DB00530
Afatinib,EGFR Inhibitor,CN(C)C/C=C/C(=O)Nc1cc2c(Nc3ccc(F)c(Cl)c3)ncnc2cc1O[C@H]1CCOC1,DB08907
Bemcentinib,AXL Kinase Inhibitor,Cc1ccc(cc1)N1CCN(CC1)c1nc2ccccc2c(Nc2ccc(cc2)c2ccccc2)n1,DB12411
Capivasertib,AKT Inhibitor,C1CN(CCC1(C(=O)N[C@@H](CCO)C2=CC=C(C=C2)Cl)N)C3=NC=NC4=C3C=CN4,DB15259
Alpelisib,PI3Kalpha Inhibitor,CC1=C(SC(=N1)NC(=O)N2CCC[C@H]2C(=O)N)C3=CC(=NC=C3)C(C)(C)C(F)(F)F,DB12001
Palbociclib,CDK4/6 Inhibitor,CC1=C(C(=O)N(C2=NC(=NC=C12)NC3=NC=C(C=C3)N4CCNCC4)C5CCCC5)C(=O)C,DB09073
Ribociclib,CDK4/6 Inhibitor,CN(C)C(=O)C1=CC2=CN=C(N=C2N1C3CCCC3)NC4=NC=C(C=C4)N5CCNCC5,DB09075
Abemaciclib,CDK4/6 Inhibitor,CCN1CCN(CC1)CC2=CN=C(C=C2)NC3=NC=C(C(=N3)C4=CC5=C(C(=C4)F)N=C(N5C(C)C)C)F,DB12001
Exatecan,Topoisomerase I Inhibitor / DXd precursor,CC[C@@]1(C2=C(COC1=O)C(=O)N3CC4=C5[C@H](CCC6=C5C(=CC(=C6C)F)N=C4C3=C2)N)O,DB04982
Monomethyl auristatin E,Tubulin Inhibitor / ADC Payload (MMAE),CCC(C)[C@H](NC(=O)[C@H](C)NC(=O)[C@H](CC(C)C)NC(=O)[C@H](C)NC)C(=O)N[C@@H]([C@@H](C)CC)C(=O)N1CCC[C@H]1[C@@H](OC)[C@@H](C)C(=O)N[C@H](CO)c1ccccc1,DB06161
